review_id,review_text,language,category,location,sentiment
1,આ હોટેલ બહુ જ સરસ છે.,Gujarati,Hotel,Ahmedabad,Positive
2,"અમારો અનુભવ ઘણો સારો રહ્યો, સ્ટાફ ખૂબ જ નમ્ર હતો.",Gujarati,Hotel,Vadodara,Positive
3,રાજકોટમાં રોકાણ માટે આ ઉત્તમ જગ્યા છે. રૂમ મોટા છે અને જમવાનું પણ સ્વાદિષ્ટ હતું. ફેમિલી માટે બેસ્ટ.,Gujarati,Hotel,Rajkot,Positive
4,ભુજમાં આ હોટેલ ખરેખર અદભુત છે. અમે બે દિવસ રોકાયા અને સર્વિસ ખૂબ જ ઝડપી હતી. રૂમની સાફસફાઈનું પૂરું ધ્યાન રાખવામાં આવ્યું હતું. રણ ઉત્સવ જવા માટે અહીંથી વાહન પણ સરળતાથી મળી રહે છે. પૈસા વસૂલ જગ્યા.,Gujarati,Hotel,Bhuj,Positive
5,મંદિરથી એકદમ નજીક અને સગવડ સારી.,Gujarati,Hotel,Dwarka,Positive
6,દર્શનાર્થીઓ માટે રહેવાની ઉત્તમ વ્યવસ્થા. ભોજન સારું હતું.,Gujarati,Hotel,Somnath,Positive
7,વાતાવરણ ખૂબ જ સુંદર છે. હોટેલમાંથી ડાંગના જંગલનો નજારો અદભુત દેખાય છે. અમે ચોક્કસ પાછા આવીશું.,Gujarati,Hotel,Saputara,Positive
8,ગીર જંગલની વચ્ચે આ રિસોર્ટ ખૂબ જ શાંતિ આપે છે. સવારે પક્ષીઓનો અવાજ સાંભળવો ગમે. સ્ટાફ તમને સફારી માટે પણ મદદ કરે છે. રૂમ બહુ ચોખ્ખા હતા અને સ્વિમિંગ પૂલ પણ મસ્ત હતો.,Gujarati,Hotel,Gir,Positive
9,બીચ પાસે બેસ્ટ હોટેલ. મજા આવી ગઈ.,Gujarati,Hotel,Mandvi,Positive
10,સ્ટેચ્યુ ઓફ યુનિટી જોવા માટે અહીં રોકાવું સારું છે. લોકેશન સરસ છે.,Gujarati,Hotel,Statue of Unity,Positive
11,અમદાવાદના મધ્યમાં હોવા છતાં અવાજ નથી આવતો. બિઝનેસ ટ્રીપ માટે બહુ સારી હોટેલ છે. વાઇફાઇ સ્પીડ પણ સારી છે.,Gujarati,Hotel,Ahmedabad,Positive
12,આ હોટેલનો સ્ટાફ ખરેખર મદદગાર છે. રાત્રે મોડા પહોંચ્યા તો પણ તેમને ગરમ જમવાનું આપ્યું. રૂમની ડિઝાઇન આધુનિક છે અને બાથરૂમ એકદમ ક્લીન હતું. બજેટમાં આનાથી સારી જગ્યા ન મળે.,Gujarati,Hotel,Vadodara,Positive
13,"અમારો અનુભવ ઘણો સારો રહ્યો, સ્ટાફ ખૂબ જ નમ્ર હતો. રૂમની સફાઈ સારી હતી અને ફૂડ બહુ ટેસ્ટી હતું 😍",Gujarati,Hotel,Rajkot,Positive
14,સ્વચ્છ અને સુંદર જગ્યા. સર્વિસથી અમે પૂરા સંતુષ્ટ છીએ.,Gujarati,Hotel,Bhuj,Positive
15,રૂમ બહુ ગંદા હતા. સાફ નથી.,Gujarati,Hotel,Dwarka,Negative
16,એસી ચાલતું નહોતું અને વારંવાર લાઇટ જતી રહેતી હતી.,Gujarati,Hotel,Somnath,Negative
17,આ હોટેલમાં પૈસા બગાડવા જેવું છે. ગરમ પાણી આવતું નહોતું અને સ્ટાફનો વ્યવહાર પણ ખરાબ હતો. બિલકુલ ન જવાય.,Gujarati,Hotel,Saputara,Negative
18,અમે ગીરમાં શાંતિ માટે ગયા હતા પણ આ હોટેલમાં આખી રાત અવાજ આવતો હતો. જમવાનું એકદમ ઠંડુ અને વાસી હતું. મેનેજરને ફરિયાદ કરી તો એણે કોઈ જવાબ ન આપ્યો. ખૂબ જ ખરાબ અનુભવ.,Gujarati,Hotel,Gir,Negative
19,સર્વિસ બહુ જ ધીમી છે 😡. પાણી માંગ્યાના એક કલાક પછી આપ્યું. સ્ટાફનો વ્યવહાર બિલકુલ સારો નહોતો. પૈસા પાણીમાં ગયા.,Gujarati,Hotel,Mandvi,Negative
20,ભાવ બહુ વધારે છે અને સુવિધા એના પ્રમાણમાં કાંઈ નથી.,Gujarati,Hotel,Statue of Unity,Negative
21,પાર્કિંગની બહુ મોટી સમસ્યા છે. હોટેલ વાળા રસ્તા પર ગાડી મૂકવાનું કહે છે. રૂમમાં મચ્છર પણ હતા.,Gujarati,Hotel,Ahmedabad,Negative
22,ઓનલાઇન ફોટા જોઈને બુકિંગ કરાવ્યું હતું પણ હકીકતમાં હોટેલ સાવ ખખડધજ છે. બાથરૂમમાં પાણી ટપકતું હતું અને ટીવી પણ બંધ હતું. રિફંડ માંગ્યું તો ના પાડી દીધી. સાવ છેતરપિંડી છે.,Gujarati,Hotel,Vadodara,Negative
23,જમવાનું સાવ બકવાસ હતું.,Gujarati,Hotel,Rajkot,Negative
24,"રૂમની સાઈઝ બહુ નાની છે, શ્વાસ રૂંધાય એવું લાગે.",Gujarati,Hotel,Bhuj,Negative
25,ચેક ઇન માટે બહુ રાહ જોવી પડી. સ્ટાફને કામ કરવામાં કોઈ રસ જ નહોતો. પથારી પર ડાઘ હતા.,Gujarati,Hotel,Dwarka,Negative
26,અમે પરિવાર સાથે ગયા હતા પણ હોટેલનું વાતાવરણ બિલકુલ ફેમિલી જેવું નહોતું. રાત્રે લોકો બૂમાબૂમ કરતા હતા. સિક્યુરિટી નામે કંઈ જ નથી. ક્યારેય અહીં ન રોકાવું.,Gujarati,Hotel,Somnath,Negative
27,"ખૂબ જ ખરાબ સર્વિસ, ના જશો.",Gujarati,Hotel,Saputara,Negative
28,આ હોટેલ જંગલથી 5 કિલોમીટર દૂર છે. અહીં પહોંચવા માટે તમારે પોતાનું વાહન જોઈએ. રાત્રે આસપાસ કોઈ દુકાન ખુલ્લી હોતી નથી.,Gujarati,Hotel,Gir,Neutral
29,અહીં ચેક ઇન સમય બપોરે 12 વાગ્યાનો છે.,Gujarati,Hotel,Mandvi,Neutral
30,હોટેલથી સ્ટેચ્યુ ઓફ યુનિટી જવા માટે બસ સરળતાથી મળી જાય છે. હોટેલમાં પાર્કિંગની જગ્યા છે.,Gujarati,Hotel,Statue of Unity,Neutral
31,"આ હોટેલ રેલવે સ્ટેશનથી માત્ર 2 કિલોમીટર દૂર છે એટલે મુસાફરીમાં સરળતા રહે છે. હોટેલનું પોતાનું રેસ્ટોરન્ટ નથી, તમારે બહાર જમવા જવું પડે છે. રૂમ ભાડું 2000 રૂપિયા છે.",Gujarati,Hotel,Ahmedabad,Neutral
32,આ હોટેલમાં ગરમ પાણી સવારે જ આવે છે.,Gujarati,Hotel,Vadodara,Neutral
33,"હોટેલ મેઈન રોડ પર છે, શોધવામાં મુશ્કેલી નથી પડતી.",Gujarati,Hotel,Rajkot,Neutral
34,"ઓનલાઇન બુકિંગ પર ડિસ્કાઉન્ટ મળે છે. અંદર માત્ર બેઝિક સુવિધાઓ છે, કોઈ લક્ઝરી નથી.",Gujarati,Hotel,Bhuj,Neutral
35,"મંદિરથી અંતર થોડું વધારે છે પણ ઓટો રિક્ષા મળી રહે છે. રિસેપ્શન 24 કલાક ખુલ્લું રહે છે. વાઇફાઇની સુવિધા માત્ર લોબીમાં જ મળે છે, રૂમમાં નેટવર્ક નથી આવતું.",Gujarati,Hotel,Dwarka,Neutral
36,માત્ર રહેવા માટેની બેઝિક સગવડ છે.,Gujarati,Hotel,Somnath,Neutral
37,હોટેલની પાસે જ બસ સ્ટેન્ડ છે.,Gujarati,Hotel,Saputara,Neutral
38,સફારી પરમિટ માટે હોટેલ વાળા મદદ કરે છે પણ ચાર્જ અલગથી લે છે. જમવાનો સમય ફિક્સ છે.,Gujarati,Hotel,Gir,Neutral
39,બીચથી હોટેલનું અંતર ચાલતા 10 મિનિટ જેટલું છે. રૂમમાં ડબલ બેડ અને ટીવી છે. લોન્ડ્રી સર્વિસ માટે અલગથી પૈસા ચૂકવવા પડે છે. કોઈ ખાસ વ્યૂ નથી દેખાતો.,Gujarati,Hotel,Mandvi,Neutral
40,હોટેલમાં લિફ્ટની સુવિધા નથી.,Gujarati,Hotel,Statue of Unity,Neutral
41,Very nice hotel with a great ambiance. Loved the hospitality and the swift check-in process at the reception.,English,Hotel,Ahmedabad,Positive
42,The staff was incredibly polite and the food was delicious.,English,Hotel,Vadodara,Positive
43,"Great place for a business trip. Internet speed is fast, and they serve an excellent breakfast buffet. Highly recommended.",English,Hotel,Rajkot,Positive
44,We stayed here during the Rann Utsav. The property is well maintained and the heritage vibe is amazing. The host guided us perfectly for our local sightseeing. The traditional Kutchi thali served for dinner was the highlight of our trip.,English,Hotel,Bhuj,Positive
45,Clean rooms and near temple. 👍,English,Hotel,Dwarka,Positive
46,Perfect place to stay with family. Safe and comfortable.,English,Hotel,Somnath,Positive
47,Breathtaking views from the balcony! The room was spacious and the room service was prompt. Excellent value for money.,English,Hotel,Saputara,Positive
48,"A wonderful wildlife resort. The natural surroundings make you feel relaxed. The pool was well cleaned, and the staff organized a great evening with local folk music. It was a memorable experience for my kids.",English,Hotel,Gir,Positive
49,Best beachfront property ever.,English,Hotel,Mandvi,Positive
50,Hassle-free checkin and super clean washrooms. Great job.,English,Hotel,Statue of Unity,Positive
51,"There was to much noise coming from the street, cant sleep at all. The windows are not soundproof and management did nothing to help.",English,Hotel,Ahmedabad,Negative
52,AC was not working properly and nobody came to fix it.,English,Hotel,Vadodara,Negative
53,Terrible experience. The bedsheets were stained and the bathroom smelled awful. They refused to change our room. Please avoid this place.,English,Hotel,Rajkot,Negative
54,Wow... best hotel if you enjoy waiting two hours for check-in. The staff was incredibly rude and unhelpful. The food was overpriced and tasted stale. The photos on the website are completely fake and misleading. Never coming back.,English,Hotel,Bhuj,Negative
55,Worst service. Very disapointed.,English,Hotel,Dwarka,Negative
56,No parking space available. We had to park on the street.,English,Hotel,Somnath,Negative
57,The hotel is completely run down. Lift gets stuck frequently. Not a safe place for families with young children.,English,Hotel,Saputara,Negative
58,"There is nothing luxury about this so-called luxury resort. The electricity kept tripping all night. When we ordered dinner, it took them one and a half hours to serve cold food. Absolute waste of money and ruined our holiday.",English,Hotel,Gir,Negative
59,Too expensive for this quality.,English,Hotel,Mandvi,Negative
60,Not at all clean. Bugs everywhere in the room.,English,Hotel,Statue of Unity,Negative
61,The standard checkout time is 11 AM and early check-in is strictly subject to availability. You need to provide a valid ID at the reception.,English,Hotel,Ahmedabad,Neutral
62,They provide complimentary water bottles but breakfast is chargeable.,English,Hotel,Vadodara,Neutral
63,The hotel is located in a commercial complex. There are many shops and ATMs nearby. It is a decent budget option for solo travelers.,English,Hotel,Rajkot,Neutral
64,"This is an average guest house. It is located about 3 km from the airport. They do not have an in-house restaurant, but you can order from food delivery apps. The front desk operates only until midnight.",English,Hotel,Bhuj,Neutral
65,Wheelchair accessibility is available here.,English,Hotel,Dwarka,Neutral
66,You can walk to the temple in 15 minutes.,English,Hotel,Somnath,Neutral
67,"It gets quite cold at night, and they provide extra blankets if you ask the reception. Standard rooms do not have AC.",English,Hotel,Saputara,Neutral
68,"The resort is spread over a large area. You have to walk quite a bit from the reception to the cottages. They arrange transport to the safari gate, but you need to book your own safari tickets online beforehand.",English,Hotel,Gir,Neutral
69,Only vegetarian food is served.,English,Hotel,Mandvi,Neutral
70,The property is 10 km away from the main monument.,English,Hotel,Statue of Unity,Neutral
71,આ hotel બહુ જ clean હતું. Location પણ એકદમ peaceful છે. Staff was prompt and very polite in their service.,Mixed,Hotel,Ahmedabad,Positive
72,Food ખૂબ જ સરસ હતું અને staff friendly હતો.,Mixed,Hotel,Vadodara,Positive
73,Location મેઈન હાઇવે પર છે એટલે easy to find. રૂમમાં બધી જ facilities સારી હતી. We really enjoyed it.,Mixed,Hotel,Rajkot,Positive
74,આ રિસોર્ટનો heritage look બહુ જ amazing છે. રાત્રે campfire અને music ની મજા લીધી. Traditional food પણ ટેસ્ટી હતું. Family સાથે weekend મનાવવા માટે આ best place છે. Highly recommend!,Mixed,Hotel,Bhuj,Positive
75,"Awesome experience, દર્શન પણ સારા થયા.",Mixed,Hotel,Dwarka,Positive
76,"Temple ની નજીક છે, very convenient location.",Mixed,Hotel,Somnath,Positive
77,View બહુ જ beautiful આવતો હતો રૂમમાંથી. Climate મસ્ત હતું અને room service પણ quick હતી. 10/10.,Mixed,Hotel,Saputara,Positive
78,અમે jungle safari પછી અહી stay કર્યો હતો. Hospitality was top notch. મેનેજર બહુ જ helpful હતા અને તેમણે અમને local guide પણ provide કર્યો. સ્વિમિંગ પુલ એકદમ સ્વચ્છ હતો. Perfect holiday.,Mixed,Hotel,Gir,Positive
79,Beach resort ખૂબ સુંદર છે 😍,Mixed,Hotel,Mandvi,Positive
80,Value for money. રૂમ મોટા અને કમ્ફર્ટેબલ હતા.,Mixed,Hotel,Statue of Unity,Positive
81,Service બહુ જ slow હતી. We ordered tea and it arrived completely cold after 45 minutes. Not a good management at all.,Mixed,Hotel,Ahmedabad,Negative
82,Room was dirty અને AC બિલકુલ working નહોતું.,Mixed,Hotel,Vadodara,Negative
83,Parking નહોતું અને રસ્તા પર ગાડી મૂકવી પડી. Food માં કોઈ જ taste નહોતો. Totally disappointed.,Mixed,Hotel,Rajkot,Negative
84,Not recommended at all. ઓનલાઇન બુકિંગ કર્યું હતું પણ ત્યાં ગયા તો રૂમ available નહોતો. Staff નો attitude બહુ જ rude હતો. વારંવાર પૂછવા છતાં કોઈ response નહિ. Please don't book this hottel.,Mixed,Hotel,Bhuj,Negative
85,Washroom સાવ ગંદા હતા 🤮,Mixed,Hotel,Dwarka,Negative
86,Very noisy. રાત્રે સરખી ઊંઘ પણ ના આવી.,Mixed,Hotel,Somnath,Negative
87,Hot water નો problem હતો. વારંવાર call કરવા છતાં repair કરવા કોઈ ના આવ્યું. Waste of money.,Mixed,Hotel,Saputara,Negative
88,The room was spacious but cleanliness સાવ ઝીરો હતી. બેડશીટ પર ડાઘ હતા. Restaurant માં food બહુ જ મોંઘુ છે અને quality ખરાબ છે. We had a very bad stay here. નથી જવું બીજી વાર.,Mixed,Hotel,Gir,Negative
89,Overpriced અને bad quality.,Mixed,Hotel,Mandvi,Negative
90,Traffic બહુ હતો અને hotel management સાવ ખરાબ છે.,Mixed,Hotel,Statue of Unity,Negative
91,આ Hotel રેલવે સ્ટેશનથી 2 km છે. આસપાસ ખાવા પીવાની ઘણી જગ્યાઓ છે પણ hotel ની અંદર restaurant નથી.,Mixed,Hotel,Ahmedabad,Neutral
92,"Breakfast include નથી, extra charge આપવો પડે છે.",Mixed,Hotel,Vadodara,Neutral
93,Check-in time 12 PM છે અને check-out 11 AM. રૂમમાં basic amenities આપે છે. It is ok for one night.,Mixed,Hotel,Rajkot,Neutral
94,આ place city center થી થોડી દૂર છે. Public transport મળવું અઘરું છે એટલે personal vehicle હોય તો સારું. ઓટો વાળા extra charge લે છે. Hotel માં wifi free છે પણ speed slow છે.,Mixed,Hotel,Bhuj,Neutral
95,Lift available નથી.,Mixed,Hotel,Dwarka,Neutral
96,અહીં ફક્ત veg food જ મળે છે. Non-veg allowed allowed નથી.,Mixed,Hotel,Somnath,Neutral
97,Hot water નો timing સવારે 7 થી 10 નો છે. Room માં heater નથી આપતા. Normal stay.,Mixed,Hotel,Saputara,Neutral
98,Resort ની અંદર જમવાની સુવિધા છે પણ તમારે 2 hours પહેલા order આપવો પડે છે. Market અહીંથી 10 કિલોમીટર દૂર છે. They arrange transport at extra cost.,Mixed,Hotel,Gir,Neutral
99,Parking charge અલગથી છે.,Mixed,Hotel,Mandvi,Neutral
100,Bus stop ની બિલકુલ સામે જ આ hotel આવેલી છે.,Mixed,Hotel,Statue of Unity,Neutral
101,અમદાવાદમાં બેસ્ટ ગુજરાતી થાળી અહીં મળે છે. સ્વાદ એકદમ ઘર જેવો.,Gujarati,Restaurant,Ahmedabad,Positive
102,"સુરતનું પ્રખ્યાત ખમણ, મજા આવી ગઈ ખાઈને.",Gujarati,Street Food,Surat,Positive
103,રાજકોટમાં રવિવારની સવાર ફાફડા જલેબી સાથે. ગરમાગરમ અને સ્વાદિષ્ટ.,Gujarati,Street Food,Rajkot,Positive
104,"ખીચું બહુ જ મસ્ત હતું, લીલા મરચા અને તેલ સાથે કમાલ ટેસ્ટ.",Gujarati,Street Food,Vadodara,Positive
105,ભુજમાં જમવા માટેની સરસ જગ્યા. થાળીમાં વેરાયટી બહુ હતી.,Gujarati,Restaurant,Bhuj,Positive
106,"ગરમ થેપલા અને ચા, મજા આવી.",Gujarati,Street Food,Dwarka,Positive
107,"દર્શન પછી અહીં જમ્યા, શુદ્ધ અને સાત્વિક જમવાનું.",Gujarati,Restaurant,Somnath,Positive
108,ઢોકળા એકદમ પોચા અને જાળીદાર હતા. ચટણી પણ જોરદાર.,Gujarati,Street Food,Ahmedabad,Positive
109,"સુરતી જમણનું નામ સાંભળ્યું હતું, આજે ચાખી પણ લીધું. ઉત્તમ સેવા.",Gujarati,Restaurant,Surat,Positive
110,સેવ ખમણી બહુ સરસ હતી.,Gujarati,Street Food,Rajkot,Positive
111,ફેમિલી સાથે ડિનર માટે બેસ્ટ જગ્યા.,Gujarati,Restaurant,Vadodara,Positive
112,જલેબી એકદમ ક્રિસ્પી હતી 😍,Gujarati,Street Food,Bhuj,Positive
113,ફાફડા અને કઢી નો સ્વાદ ક્યારેય ન ભુલાય એવો.,Gujarati,Street Food,Ahmedabad,Positive
114,શિયાળામાં ગરમ ખીચું ખાવાની મજા.,Gujarati,Street Food,Surat,Positive
115,થાળીમાં શાક સાવ ઠંડા હતા. સ્વાદ પણ ખાસ નહોતો.,Gujarati,Restaurant,Ahmedabad,Negative
116,"ખમણ બહુ વાસી લાગતા હતા, પૈસા બગડ્યા.",Gujarati,Street Food,Vadodara,Negative
117,થેપલા સાવ કાચા હતા અને સર્વિસ ધીમી હતી 😡,Gujarati,Restaurant,Surat,Negative
118,"ફાફડામાં તેલ બહુ જ વધારે હતું, હેલ્થ માટે સારું નહિ.",Gujarati,Street Food,Rajkot,Negative
119,જમવામાં કોઈ જ સ્વાદ નથી. સ્ટાફને બોલાવીએ તો પણ સાંભળતા નથી.,Gujarati,Restaurant,Bhuj,Negative
120,જલેબી બહુ જ કડક અને બળેલી હતી.,Gujarati,Street Food,Dwarka,Negative
121,અહીં ન જવા વિનંતી. સફાઈ બિલકુલ નથી.,Gujarati,Restaurant,Somnath,Negative
122,ઢોકળામાં મીઠું બહુ વધારે હતું.,Gujarati,Street Food,Ahmedabad,Negative
123,ભાવ બહુ જ વધારે છે અને એ પ્રમાણે ક્વોલિટી નથી આપતા.,Gujarati,Restaurant,Surat,Negative
124,ખીચું સાવ કાચું હતું.,Gujarati,Street Food,Rajkot,Negative
125,વેઇટિંગ બહુ જ લાંબુ હતું અને મેનેજમેન્ટ ખરાબ છે.,Gujarati,Restaurant,Vadodara,Negative
126,"ના નથી એટલું સારું, ચટણી પાણી જેવી હતી.",Gujarati,Street Food,Bhuj,Negative
127,ખૂબ જ ખરાબ અનુભવ.,Gujarati,Restaurant,Ahmedabad,Negative
128,અહીં ગુજરાતી થાળી 250 રૂપિયામાં મળે છે.,Gujarati,Restaurant,Ahmedabad,Neutral
129,ખમણની દુકાન સવારે 7 વાગ્યે ખુલે છે.,Gujarati,Street Food,Surat,Neutral
130,રવિવારે અહીં બહુ ભીડ હોય છે.,Gujarati,Restaurant,Rajkot,Neutral
131,ખીચું પાર્સલ કરાવવાની સુવિધા છે.,Gujarati,Street Food,Vadodara,Neutral
132,"અહીં માત્ર લંચ જ મળે છે, ડિનર માટે બંધ હોય છે.",Gujarati,Restaurant,Bhuj,Neutral
133,થેપલા વજન પ્રમાણે કિલોના ભાવે મળે છે.,Gujarati,Street Food,Dwarka,Neutral
134,આ રેસ્ટોરન્ટ મંદિરથી 5 મિનિટના અંતરે છે.,Gujarati,Restaurant,Somnath,Neutral
135,ઓનલાઇન પેમેન્ટ સ્વીકારે છે.,Gujarati,Street Food,Ahmedabad,Neutral
136,"પાર્કિંગ માટે જગ્યા નથી, તમારે જાતે વ્યવસ્થા કરવી પડે.",Gujarati,Restaurant,Surat,Neutral
137,જલેબી સાથે પપૈયાનો સંભારો આપે છે.,Gujarati,Street Food,Rajkot,Neutral
138,અહીં બેસવાની જગ્યા ઓછી છે.,Gujarati,Restaurant,Vadodara,Neutral
139,સ્ટેશનની બહાર લારી ઊભી રહે છે.,Gujarati,Street Food,Bhuj,Neutral
140,એસી અને નોન એસી બંને વિભાગ અલગ છે.,Gujarati,Restaurant,Ahmedabad,Neutral
141,Best Gujarati thali in town. The variety of sabzis and sweets is amazing.,English,Restaurant,Ahmedabad,Positive
142,Loved the fresh khaman. It was soft and spongy.,English,Street Food,Vadodara,Positive
143,Hot theplas with sweet pickle. Truly a comforting meal. Excellent service too.,English,Restaurant,Surat,Positive
144,Sunday mornings are incomplete without fafda jalebi here. Outstanding taste.,English,Street Food,Rajkot,Positive
145,Authentic Kutchi flavors in the thali. Must visit place for foodies.,English,Restaurant,Bhuj,Positive
146,Delicious dhokla served with green chutney. Very hygienic as well.,English,Street Food,Dwarka,Positive
147,Good food and very fast service. Perfect for a quick lunch after darshan.,English,Restaurant,Somnath,Positive
148,Tried khichu for the first time and absolutely loved it.,English,Street Food,Ahmedabad,Positive
149,An amazing fine dine experience with traditional gujarati food. Highly recommend.,English,Restaurant,Surat,Positive
150,Crispy and sweet jalebis. ❤️,English,Street Food,Rajkot,Positive
151,Overpriced and tasteless. The vegetables in the gujarati thali were undercooked and the rotis were tough.,English,Restaurant,Ahmedabad,Negative
152,Found a fly in my khaman. Terribly unhygienic place. Avoid.,English,Street Food,Vadodara,Negative
153,Theplas were too oily and tasted stale.,English,Restaurant,Surat,Negative
154,Not fresh at all. The fafda was hard to chew.,English,Street Food,Rajkot,Negative
155,Terrible service. We waited 45 minutes just to get our gujarati thali.,English,Restaurant,Bhuj,Negative
156,Worst dhokla ever. It was dry and tasted like baking soda.,English,Street Food,Dwarka,Negative
157,Very rude staff and the tables were not clean.,English,Restaurant,Somnath,Negative
158,Khichu was cold and lacked flavor. Dissapointing.,English,Street Food,Ahmedabad,Negative
159,Wow... best restaurant if you enjoy waiting two hours for cold food.,English,Restaurant,Surat,Negative
160,Too sweet and dripping in cheap oil.,English,Street Food,Rajkot,Negative
161,The gujarati thali here costs 350 rupees and includes unlimited servings.,English,Restaurant,Ahmedabad,Neutral
162,They serve khaman and dhokla from 7 AM to 11 AM only.,English,Street Food,Vadodara,Neutral
163,The restaurant is located on the main road and has valet parking.,English,Restaurant,Surat,Neutral
164,You have to buy coupons first before getting your fafda and jalebi.,English,Street Food,Rajkot,Neutral
165,"They do not offer à la carte, only a fixed gujarati thali is served.",English,Restaurant,Bhuj,Neutral
166,This street food stall only accepts cash.,English,Street Food,Dwarka,Neutral
167,The restaurant has both AC and non-AC seating arrangements.,English,Restaurant,Somnath,Neutral
168,Khichu is served in a disposable paper bowl.,English,Street Food,Ahmedabad,Neutral
169,It is a self-service restaurant.,English,Restaurant,Surat,Neutral
170,They pack the jalebi in a cardboard box if you ask for takeaway.,English,Street Food,Rajkot,Neutral
171,આ restaurant ની Gujarati Thali best છે. Ambience પણ બહુ જ સરસ હતું.,Mixed,Restaurant,Ahmedabad,Positive
172,Khaman બહુ જ soft અને fresh હતા. I loved it!,Mixed,Street Food,Vadodara,Positive
173,Staff was very polite. ગરમાગરમ thepla અને દહીં ખાવાની બહુ જ મજા આવી.,Mixed,Restaurant,Surat,Positive
174,Sunday morning એટલે fafda jalebi! Taste એકદમ authentic હતો.,Mixed,Street Food,Rajkot,Positive
175,Quality of food is excellent. થાળીમાં મીઠાઈ બહુ ટેસ્ટી હતી.,Mixed,Restaurant,Bhuj,Positive
176,Very hygienic place. ઢોકળા અને ચટણી નો કોમ્બિનેશન મસ્ત હતો.,Mixed,Street Food,Dwarka,Positive
177,Quick service અને સાત્વિક food. દર્શન પછી જમવા માટે perfect place છે.,Mixed,Restaurant,Somnath,Positive
178,Khichu with oil and masala was super yummy 😋,Mixed,Street Food,Ahmedabad,Positive
179,Value for money. પ્યોર દેશી ઘી માં બનેલું જમવાનું આપ્યું.,Mixed,Restaurant,Surat,Positive
180,Jalebi એકદમ ક્રિસ્પી હતી. Must try.,Mixed,Street Food,Rajkot,Positive
181,Gujarati Thali સાવ tasteless હતી. શાક માં મીઠું જ નહોતું. Total waste of money.,Mixed,Restaurant,Ahmedabad,Negative
182,Hygiene સાવ zero છે. Khaman પર માખીઓ ઉડતી હતી. I won't recommend this place.,Mixed,Street Food,Vadodara,Negative
183,Thepla સાવ ઠંડા અને કડક હતા. Service is very slow.,Mixed,Restaurant,Surat,Negative
184,Oil quality બહુ ખરાબ હતી. Fafda ખાધા પછી એસિડિટી થઈ ગઈ.,Mixed,Street Food,Rajkot,Negative
185,Staff નો behaviour બહુ rude હતો. Thali માં વેરાયટી પણ બહુ ઓછી હતી.,Mixed,Restaurant,Bhuj,Negative
186,Dhokla સાવ કાચા લાગતા હતા. Not properly cooked.,Mixed,Street Food,Dwarka,Negative
187,આટલું ખરાબ food મેં ક્યાય નથી ખાધું. Please avoid this restaurant.,Mixed,Restaurant,Somnath,Negative
188,Khichu સાવ પાણી જેવું હતું. No taste at all.,Mixed,Street Food,Ahmedabad,Negative
189,Overpriced place. Thali માં food quality એના price પ્રમાણે બિલકુલ નથી.,Mixed,Restaurant,Surat,Negative
190,"જલેબીમાં ખાંડ બહુ જ વધારે હતી, totally spoiled the taste.",Mixed,Street Food,Rajkot,Negative
191,આ restaurant માં Gujarati Thali નો charge ₹300 per person છે. Unlimited food મળે છે.,Mixed,Restaurant,Ahmedabad,Neutral
192,અહી સવારે 8 વાગ્યાથી khaman મળવાના ચાલુ થાય છે. Packing facility પણ છે.,Mixed,Street Food,Vadodara,Neutral
193,Restaurant main market માં આવેલું છે. Thepla weight પ્રમાણે પણ મળે છે.,Mixed,Restaurant,Surat,Neutral
194,Fafda અને jalebi માટે token system છે. પેલા payment કરવું પડે છે.,Mixed,Street Food,Rajkot,Neutral
195,અહીં ફિક્સ thali સિવાય બીજું કોઈ menu available નથી.,Mixed,Restaurant,Bhuj,Neutral
196,"Digital payment accept કરે છે. બેસવાની કોઈ વ્યવસ્થા નથી, you have to stand and eat.",Mixed,Street Food,Dwarka,Neutral
197,Restaurant માં AC અને Non-AC seating અલગ થી આપેલા છે.,Mixed,Restaurant,Somnath,Neutral
198,Khichu સાથે oil અને મેથીનો મસાલો અલગથી આપે છે.,Mixed,Street Food,Ahmedabad,Neutral
199,Weekend માં અહી waiting હોય છે. Parking is a bit difficult.,Mixed,Restaurant,Surat,Neutral
200,They use plastic containers for parcel.,Mixed,Street Food,Rajkot,Neutral
201,સોમનાથ મંદિરમાં દર્શન કરીને મન એકદમ શાંત થઈ ગયું. પરિસર ખૂબ જ સ્વચ્છ છે.,Gujarati,Temple,Somnath,Positive
202,દ્વારકાધીશના દર્શન ખૂબ જ સરળતાથી થઈ ગયા. સ્વયંસેવકોનો વ્યવહાર બહુ સારો હતો.,Gujarati,Pilgrimage Site,Dwarka,Positive
203,પાલીતાણા ડુંગર ચડવું થોડું અઘરું છે પણ ઉપર પહોંચીને જે દિવ્ય અનુભવ થાય છે તે અદભુત છે.,Gujarati,Pilgrimage Site,Palitana,Positive
204,મોઢેરા સૂર્ય મંદિરની કોતરણી ખરેખર જોવા લાયક છે. બગીચો પણ બહુ મસ્ત જાળવેલો છે.,Gujarati,Temple,Modhera,Positive
205,અંબાજી માતાજીના દર્શન સરસ થયા. ગબ્બર જવા માટે રોપ-વે ની સુવિધા બહુ જ સારી છે.,Gujarati,Pilgrimage Site,Ambaji,Positive
206,અમદાવાદ શહેરની વચ્ચે હોવા છતાં સ્વામિનારાયણ મંદિરમાં અદભુત શાંતિ મળે છે.,Gujarati,Temple,Ahmedabad,Positive
207,સાંજે સોમનાથ મંદિરે સાઉન્ડ એન્ડ લાઇટ શો જોવાની ખૂબ જ મજા આવી. બેસ્ટ અનુભવ.,Gujarati,Temple,Somnath,Positive
208,મંદિરનું વાતાવરણ એકદમ પવિત્ર અને ભક્તિમય છે 😍. સફાઈનું પૂરેપૂરું ધ્યાન રાખ્યું છે.,Gujarati,Temple,Dwarka,Positive
209,પાલીતાણામાં પીવાના પાણીની સરસ વ્યવસ્થા છે. પગથિયાં પણ ચોખ્ખા હતા.,Gujarati,Pilgrimage Site,Palitana,Positive
210,અંબાજીમાં પાર્કિંગ અને પ્રસાદની વ્યવસ્થા ખૂબ જ સુંદર રીતે કરવામાં આવી છે.,Gujarati,Pilgrimage Site,Ambaji,Positive
211,પુરાતત્વ વિભાગ દ્વારા મોઢેરા મંદિરની જાળવણી ખૂબ જ સરસ રીતે થઈ રહી છે.,Gujarati,Temple,Modhera,Positive
212,કાલુપુર સ્વામિનારાયણ મંદિરનું લાકડાનું કોતરકામ જોઈને મન ખુશ થઈ ગયું.,Gujarati,Temple,Ahmedabad,Positive
213,ગુજરાતનું સૌથી શ્રેષ્ઠ અને સ્વચ્છ તીર્થધામ. અહીં આવીને ધન્યતા અનુભવી.,Gujarati,Pilgrimage Site,Somnath,Positive
214,ભીડ હોવા છતાં લાઈનની વ્યવસ્થા સારી હોવાથી દર્શન ઝડપથી થઈ ગયા.,Gujarati,Temple,Dwarka,Positive
215,મંદિરમાં ભીડ બહુ જ હતી અને સિક્યોરિટી વાળા ધક્કામુક્કી કરતા હતા.,Gujarati,Temple,Somnath,Negative
216,પાર્કિંગની બહુ જ મોટી સમસ્યા છે. ગાડી મૂકવા માટે એક કલાક બગડ્યો અને બહાર ગંદકી પણ બહુ હતી.,Gujarati,Pilgrimage Site,Dwarka,Negative
217,પાલીતાણામાં ડોળીવાળા બહુ જ મનફાવે તેમ પૈસા માંગે છે. કોઈ નિયમન નથી.,Gujarati,Pilgrimage Site,Palitana,Negative
218,અંબાજીમાં દર્શન માટે ૪ કલાક લાઈનમાં ઊભું રહેવું પડ્યું. પીવાના પાણીની પણ કોઈ સગવડ નહોતી.,Gujarati,Pilgrimage Site,Ambaji,Negative
219,ટિકિટનો ભાવ બહુ વધારે છે અને અંદર ખંડેર સિવાય ખાસ કંઈ જોવાનું નથી.,Gujarati,Temple,Modhera,Negative
220,મંદિરની આસપાસ ટ્રાફિક બહુ જ રહે છે. વાહન પાર્ક કરવાની કોઈ જગ્યા નથી મળતી.,Gujarati,Temple,Ahmedabad,Negative
221,મંદિરની બહાર દુકાનદારો બહુ જ હેરાન કરે છે અને પ્રસાદ લેવા માટે જબરદસ્તી કરે છે.,Gujarati,Pilgrimage Site,Dwarka,Negative
222,મોબાઈલ લોકરની લાઈનમાં બે કલાક ઊભું રહેવું પડ્યું 😡. વ્યવસ્થા સાવ ખરાબ છે.,Gujarati,Temple,Somnath,Negative
223,પૂનમના દિવસે વ્યવસ્થા સાવ પડી ભાંગી હતી. લાઈનમાં ગૂંગળામણ થતી હતી.,Gujarati,Pilgrimage Site,Ambaji,Negative
224,ડુંગર ચડવાની શરૂઆતમાં જ બહુ પ્લાસ્ટિકનો કચરો અને ગંદકી જોવા મળી.,Gujarati,Pilgrimage Site,Palitana,Negative
225,ઉનાળામાં પ્રવાસીઓ માટે છાંયડા કે પીવાના પાણીની કોઈ જ વ્યવસ્થા નથી.,Gujarati,Temple,Modhera,Negative
226,મંદિરની બહારથી ચંપલ ચોરાઈ ગયા અને મેનેજમેન્ટે કોઈ જ મદદ ન કરી.,Gujarati,Temple,Ahmedabad,Negative
227,કોઈ પણ જાણ કર્યા વગર બપોરે દર્શન બંધ કરી દીધા. અમારો સમય બગડ્યો.,Gujarati,Temple,Dwarka,Negative
228,સોમનાથ મંદિર સવારે ૬ વાગ્યે ખુલે છે અને આરતી સવારે ૭ વાગ્યે થાય છે.,Gujarati,Temple,Somnath,Neutral
229,મંદિરની અંદર મોબાઈલ ફોન અને કેમેરા લઈ જવાની સખત મનાઈ છે.,Gujarati,Temple,Dwarka,Neutral
230,મુખ્ય મંદિર સુધી પહોંચવા માટે આશરે ૩૫૦૦ જેટલા પગથિયાં ચડવા પડે છે.,Gujarati,Pilgrimage Site,Palitana,Neutral
231,ભારતીય પ્રવાસીઓ માટે મોઢેરા સૂર્ય મંદિરની એન્ટ્રી ફી ૨૫ રૂપિયા છે.,Gujarati,Temple,Modhera,Neutral
232,ગબ્બર પર્વત પર જવા માટે નીચેથી રોપ-વે ની સુવિધા ઉપલબ્ધ છે.,Gujarati,Pilgrimage Site,Ambaji,Neutral
233,આ સ્વામિનારાયણ મંદિર અમદાવાદ શહેરના કાલુપુર વિસ્તારમાં આવેલું છે.,Gujarati,Temple,Ahmedabad,Neutral
234,મુખ્ય ગેટની બહાર નિઃશુલ્ક પગરખાં ઘર અને સામાન મૂકવા માટે લોકર ઉપલબ્ધ છે.,Gujarati,Temple,Somnath,Neutral
235,બપોરે ૧ થી ૫ વાગ્યા સુધી મંદિર વિશ્રામ માટે બંધ રહે છે.,Gujarati,Temple,Dwarka,Neutral
236,તળેટીમાંથી વડીલો માટે ડોળી અને પાલખીની સેવા ભાડેથી મળી રહે છે.,Gujarati,Pilgrimage Site,Palitana,Neutral
237,આ મંદિરનું નિર્માણ સોલંકી વંશના શાસનકાળ દરમિયાન કરવામાં આવ્યું હતું.,Gujarati,Temple,Modhera,Neutral
238,અમદાવાદથી અંબાજીનું અંતર આશરે ૧૮૦ કિલોમીટર જેટલું છે.,Gujarati,Pilgrimage Site,Ambaji,Neutral
239,મંદિરમાં પ્રવેશ માટે ભારતીય પારંપરિક પોશાક પહેરવો હિતાવહ છે.,Gujarati,Temple,Ahmedabad,Neutral
240,મંદિરના સત્તાવાર કાઉન્ટર પરથી જ બુંદીનો પ્રસાદ નક્કી કરેલા ભાવે મળે છે.,Gujarati,Temple,Somnath,Neutral
241,Divine atmosphere and very well organized queue system. Loved the evening Aarti at Somnath.,English,Temple,Somnath,Positive
242,Had a wonderful darshan of Dwarkadhish. The spiritual vibe here is truly unmatched and calming.,English,Pilgrimage Site,Dwarka,Positive
243,Climbing the steps was tiring but the peaceful environment at the top made it completely worth it. Very clean premises.,English,Pilgrimage Site,Palitana,Positive
244,The architecture of the Sun Temple is mesmerizing. Great place for photography and history lovers.,English,Temple,Modhera,Positive
245,Excellent facilities for pilgrims. The ropeway ride to Gabbar hill was smooth and well managed.,English,Pilgrimage Site,Ambaji,Positive
246,Beautiful temple with intricate wooden carvings. A quiet oasis in a bustling city.,English,Temple,Ahmedabad,Positive
247,Extremely clean campus and very polite security staff. Highly recommended for a peaceful visit.,English,Temple,Somnath,Positive
248,Smooth darshan despite the weekend rush. Wheelchair availability helped my elderly parents a lot.,English,Temple,Dwarka,Positive
249,The divine energy here is amazing. Good parking facility and clean drinking water available nearby.,English,Pilgrimage Site,Ambaji,Positive
250,Perfectly maintained gardens by ASI. Truly a historical gem of Gujarat.,English,Temple,Modhera,Positive
251,Wow... best temple to visit if you love being pushed around by an aggressive crowd and rude guards.,English,Temple,Somnath,Negative
252,Extremely dirty surroundings and severe parking issues. Took two hours just to park our car.,English,Pilgrimage Site,Dwarka,Negative
253,The doli pullers charge exorbitant rates and harass pilgrims. Management needs to regulate this immediately.,English,Pilgrimage Site,Palitana,Negative
254,Pathetic crowd management during the festival. Suffocating queues and no fans or water facilities inside.,English,Pilgrimage Site,Ambaji,Negative
255,Very poorly maintained washrooms. Not worth the drive from Ahmedabad just to see a ruined structure.,English,Temple,Modhera,Negative
256,Severe traffic jams around the temple. No dedicated parking space available for visitors.,English,Temple,Ahmedabad,Negative
257,Mismanaged queues and VIP lines cause huge delays for normal pilgrims. Very disappointing experience.,English,Temple,Dwarka,Negative
258,The mobile locker queue was longer than the actual darshan queue. Poor infrastructure for storing valuables.,English,Temple,Somnath,Negative
259,Too much dirt and plastic waste scattered near the starting point of the hill climb.,English,Pilgrimage Site,Palitana,Negative
260,Unfriendly staff at the prasad counter. They were shouting at elderly people without any reason.,English,Pilgrimage Site,Ambaji,Negative
261,The temple gate opens at 6:00 AM and closes at 10:00 PM daily.,English,Temple,Somnath,Neutral
262,Photography and videography are strictly prohibited inside the main temple premises.,English,Temple,Dwarka,Neutral
263,Visitors need to climb approximately 3800 steps to reach the main Jain temple complex.,English,Pilgrimage Site,Palitana,Neutral
264,The entry ticket costs 25 INR for Indian citizens and kids enter for free.,English,Temple,Modhera,Neutral
265,There is a ropeway service available to reach the Gabbar hill temple from the base.,English,Pilgrimage Site,Ambaji,Neutral
266,The Swaminarayan temple is located in the Kalupur area near the main railway station.,English,Temple,Ahmedabad,Neutral
267,Cloakroom facilities are provided free of cost outside the main entrance.,English,Temple,Somnath,Neutral
268,Four different Aartis are conducted throughout the day at specific scheduled timings.,English,Temple,Dwarka,Neutral
269,Food and water must be consumed before a certain point on the hill as eating is restricted upstairs.,English,Pilgrimage Site,Palitana,Neutral
270,An annual dance festival is organized here by the Gujarat Tourism Department every January.,English,Temple,Modhera,Neutral
271,દર્શન બહુ જ સારા થયા. The temple premises are extremely clean and peaceful. Divine experience!,Mixed,Temple,Somnath,Positive
272,Crowd વધારે હતું but management બહુ સરસ હતું. We got darshan easily within 30 minutes.,Mixed,Pilgrimage Site,Dwarka,Positive
273,Steps ચડવું tough છે પણ ઉપર પહોંચીને જે spiritual vibe મળે છે that is amazing.,Mixed,Pilgrimage Site,Palitana,Positive
274,Sun Temple નું architecture બહુ જ beautiful છે. Garden પણ well maintained છે. Must visit!,Mixed,Temple,Modhera,Positive
275,Gabbar hill પર ropeway facility બહુ જ convenient છે. Senior citizens માટે best વ્યવસ્થા.,Mixed,Pilgrimage Site,Ambaji,Positive
276,Kalupur Swaminarayan temple ની wooden carving જોરદાર છે. Very peaceful place in the middle of traffic.,Mixed,Temple,Ahmedabad,Positive
277,Evening aarti અને sound light show miss કરવા જેવો નથી. Total value for money and time.,Mixed,Temple,Somnath,Positive
278,Facilities બહુ સારી છે. Free shoe rack અને clean drinking water available હતું. Blessed 🙏,Mixed,Temple,Dwarka,Positive
279,મંદિરનું coordination અને cleanliness બંને top class છે. Very good experience.,Mixed,Pilgrimage Site,Ambaji,Positive
280,Cleanliness બહુ જ સરસ છે. Volunteers are very helpful to elderly pilgrims.,Mixed,Pilgrimage Site,Palitana,Positive
281,Crowd management સાવ worst હતું. Security guards were behaving very rudely with pilgrims.,Mixed,Temple,Somnath,Negative
282,Parking ની બહુ જ મોટી problem છે. ગાડી મૂકવા માટે 2 hours line માં ઊભું રહેવું પડ્યું.,Mixed,Pilgrimage Site,Dwarka,Negative
283,Doli charges બહુ જ expensive છે અને કોઈ standard rate નથી. They harass tourists a lot.,Mixed,Pilgrimage Site,Palitana,Negative
284,Line માં બહુ જ suffocation થતું હતું. No fans or water facility in the queue. Pathetic!,Mixed,Pilgrimage Site,Ambaji,Negative
285,Washrooms સાવ dirty હતા. Ticket price પ્રમાણે facilities બિલકુલ નથી આપી.,Mixed,Temple,Modhera,Negative
286,Traffic બહુ જ છે આસપાસ. There is no proper parking space for temple visitors.,Mixed,Temple,Ahmedabad,Negative
287,VIP culture ના લીધે general queue માં બહુ જ waiting હતું. We had a very bad darshan experience.,Mixed,Temple,Dwarka,Negative
288,Mobile locker counter પર staff બહુ slow કામ કરે છે. Darshan કરતા વધારે time locker માં લાગ્યો.,Mixed,Temple,Somnath,Negative
289,Prasad counter પર બહુ જ chaos હતો. Management નામનું કંઈ નથી. Totally disappointed.,Mixed,Pilgrimage Site,Ambaji,Negative
290,Starting point પાસે બહુ જ plastic waste અને dirt છે. Cleanliness પર ધ્યાન આપવાની જરૂર છે.,Mixed,Pilgrimage Site,Palitana,Negative
291,મંદિર સવારે 6 વાગ્યે ખુલે છે and closes at 10 PM. Aarti timings board પર લખેલા છે.,Mixed,Temple,Somnath,Neutral
292,"Temple ની અંદર mobile, electronic items અને leather items strictly prohibited છે.",Mixed,Temple,Dwarka,Neutral
293,Main temple સુધી પહોંચવા માટે around 3500 steps climb કરવા પડે છે. Doli service is available.,Mixed,Pilgrimage Site,Palitana,Neutral
294,Entry fee Indians માટે ₹25 છે and kids under 15 માટે free છે.,Mixed,Temple,Modhera,Neutral
295,Gabbar hill જવા માટે ropeway ticket base station પરથી જ મળી જાય છે.,Mixed,Pilgrimage Site,Ambaji,Neutral
296,આ Swaminarayan temple Kalupur railway station થી walking distance પર છે.,Mixed,Temple,Ahmedabad,Neutral
297,Free luggage storage અને shoe rack facility main gate ની બહાર available છે.,Mixed,Temple,Somnath,Neutral
298,બપોરે 1 થી 5 વાગ્યા સુધી temple closed રહે છે for afternoon rest.,Mixed,Temple,Dwarka,Neutral
299,"ઉપર hill પર જમવાની કે પાણી પીવાની મનાઈ છે, you must follow Jain rules.",Mixed,Pilgrimage Site,Palitana,Neutral
300,ASI દ્વારા temple garden maintain કરવામાં આવે છે and parking is paid.,Mixed,Temple,Modhera,Neutral
301,સ્ટેચ્યુ ઓફ યુનિટીનું મેનેજમેન્ટ બહુ જ સરસ છે. ટિકિટ માટે ઓનલાઇન સુવિધા બેસ્ટ છે.,Gujarati,Tourist Attractions,Statue of Unity,Positive
302,આશ્રમમાં જઈને ખૂબ જ શાંતિ મળે છે. ગાંધીજીનો ઈતિહાસ જાણવા માટે ઉત્તમ સ્થળ.,Gujarati,Tourist Attractions,Sabarmati Ashram,Positive
303,વાવની કોતરણી અદભુત છે! ફોટોગ્રાફી માટે આ બેસ્ટ જગ્યા છે 😍,Gujarati,Tourist Attractions,Adalaj Stepwell,Positive
304,મહેલની ભવ્યતા અને ઇતિહાસ જાણીને મજા પડી ગઈ. ગાઇડ ખૂબ જાણકાર હતા.,Gujarati,Tourist Attractions,Laxmi Vilas Palace,Positive
305,ચાંપાનેરનો કિલ્લો અને મસ્જિદનું આર્કિટેક્ચર જોરદાર છે. હેરિટેજ લવર્સ માટે સ્વર્ગ.,Gujarati,Tourist Attractions,Champaner,Positive
306,પાવગઢ રોપવેની સગવડ બહુ જ સારી છે. ચઢવામાં હવે તકલીફ નથી પડતી.,Gujarati,Tourist Attractions,Pavagadh,Positive
307,રાણકી વાવની સફાઈ ખૂબ જ સરસ રીતે જાળવી રાખી છે. અદભુત ઇતિહાસ.,Gujarati,Tourist Attractions,Rani ki Vav,Positive
308,વ્યૂઇંગ ગેલેરીમાંથી સરદાર સરોવર ડેમનો નજારો જોવા જેવો છે. ટિકિટના પૈસા વસૂલ છે.,Gujarati,Tourist Attractions,Statue of Unity,Positive
309,સાબરમતી આશ્રમમાં સ્વચ્છતા બહુ જ સારી છે.,Gujarati,Tourist Attractions,Sabarmati Ashram,Positive
310,અડાલજની વાવમાં ગરમીમાં પણ એકદમ ઠંડક રહે છે. ઐતિહાસિક અને સુંદર.,Gujarati,Tourist Attractions,Adalaj Stepwell,Positive
311,ઓડિયો ગાઇડથી મહેલ વિશે ઘણી નવી માહિતી મળી. ઇતિહાસ જાળવી રાખ્યો છે.,Gujarati,Tourist Attractions,Laxmi Vilas Palace,Positive
312,શિલ્પકળાનો ઉત્તમ નમૂનો! અહીંનો ઇતિહાસ અને કોતરણી જોવી એ એક લહાવો છે.,Gujarati,Tourist Attractions,Rani ki Vav,Positive
313,મેન્ટેનન્સ બહુ જ સારું છે. ફોટોગ્રાફી કરવા માટે ઘણી સુંદર જગ્યાઓ છે.,Gujarati,Tourist Attractions,Champaner,Positive
314,મહાકાળી માતાના દર્શન અને આસપાસનો નજારો ખૂબ જ સરસ છે. મન શાંત થઈ જાય.,Gujarati,Tourist Attractions,Pavagadh,Positive
315,ટિકિટના ભાવ બહુ જ વધારે છે અને ભીડ એટલી કે સરખું જોવા પણ ન મળે.,Gujarati,Tourist Attractions,Statue of Unity,Negative
316,પાર્કિંગની કોઈ જ સરખી વ્યવસ્થા નથી. ટ્રાફિકમાં ફસાઈ ગયા.,Gujarati,Tourist Attractions,Sabarmati Ashram,Negative
317,શનિ-રવિમાં એટલી બધી ભીડ હોય છે કે શાંતિથી ફોટો પણ ન પાડી શકાય.,Gujarati,Tourist Attractions,Adalaj Stepwell,Negative
318,"ટિકિટ ખૂબ જ મોંઘી છે, અને અંદર જોવા લાયક એટલું કંઈ ખાસ નથી.",Gujarati,Tourist Attractions,Laxmi Vilas Palace,Negative
319,અહીં કોઈ સારું ગાઇડ નથી મળતું અને માહિતી માટે કોઈ બોર્ડ પણ નથી મૂક્યા.,Gujarati,Tourist Attractions,Champaner,Negative
320,ખૂબ જ ગંદકી છે. રોપવેમાં બે કલાક લાઈનમાં ઊભા રહેવું પડ્યું.,Gujarati,Tourist Attractions,Pavagadh,Negative
321,પબ્લિક ટોઇલેટ સાવ ગંદા હતા. યુનેસ્કો સાઈટ હોવા છતાં આવી હાલત! 😡,Gujarati,Tourist Attractions,Rani ki Vav,Negative
322,ઓનલાઈન ટિકીટ બુક ન કરી હોય તો ધક્કા જ ખાવાના. મેનેજમેન્ટ સાવ ફેલ છે.,Gujarati,Tourist Attractions,Statue of Unity,Negative
323,"વાવમાં જાળવણી બિલકુલ નથી, દીવાલો પર લોકોએ પોતાના નામ લખીને બગાડી નાખી છે.",Gujarati,Tourist Attractions,Adalaj Stepwell,Negative
324,સ્ટાફનું વર્તન બિલકુલ યોગ્ય નથી.,Gujarati,Tourist Attractions,Laxmi Vilas Palace,Negative
325,રસ્તાઓ બહુ ખરાબ છે અને સાઈન બોર્ડ પણ નથી. રસ્તો શોધવામાં જ સમય બગડે.,Gujarati,Tourist Attractions,Champaner,Negative
326,પીવાના પાણીની કોઈ સુવિધા નથી. ગરમીમાં હાલત ખરાબ થઈ ગઈ.,Gujarati,Tourist Attractions,Pavagadh,Negative
327,"કોઈ પણ પ્રકારનું સારું મેન્ટેનન્સ નથી લાગતું, ઘણું બધું તૂટેલું છે.",Gujarati,Tourist Attractions,Sabarmati Ashram,Negative
328,સોમવારે આ જગ્યા પ્રવાસીઓ માટે બંધ રહે છે.,Gujarati,Tourist Attractions,Statue of Unity,Neutral
329,આશ્રમમાં પ્રવેશ માટે કોઈ ટિકિટ લેવાની હોતી નથી. તે સંપૂર્ણ મફત છે.,Gujarati,Tourist Attractions,Sabarmati Ashram,Neutral
330,અડાલજ વાવ અમદાવાદથી ૧૮ કિલોમીટર દૂર આવેલી છે.,Gujarati,Tourist Attractions,Adalaj Stepwell,Neutral
331,"મહેલમાં અંદર કેમેરાથી ફોટોગ્રાફી કરવાની સખત મનાઈ છે, માત્ર મોબાઈલ અલાઉડ છે.",Gujarati,Tourist Attractions,Laxmi Vilas Palace,Neutral
332,આ આખો વિસ્તાર ચાંપાનેર-પાવાગઢ આર્કિયોલોજિકલ પાર્ક હેઠળ આવે છે.,Gujarati,Tourist Attractions,Champaner,Neutral
333,પાવાગઢ જવા માટે માચીથી રોપવેની ટિકિટ લેવી પડે છે.,Gujarati,Tourist Attractions,Pavagadh,Neutral
334,રાણકી વાવ પાટણ શહેરમાં આવેલી છે અને સવારે 8 વાગ્યે ખુલે છે.,Gujarati,Tourist Attractions,Rani ki Vav,Neutral
335,બસની સુવિધા ટિકિટ સાથે જ ઉપલબ્ધ છે.,Gujarati,Tourist Attractions,Statue of Unity,Neutral
336,અહીં પુસ્તકાલય અને ગાંધીજીના જીવન પર આધારિત મ્યુઝિયમ છે.,Gujarati,Tourist Attractions,Sabarmati Ashram,Neutral
337,આ વાવ પાંચ માળ ઊંડી છે અને ઈન્ડો-ઈસ્લામિક આર્કિટેક્ચર દર્શાવે છે.,Gujarati,Tourist Attractions,Adalaj Stepwell,Neutral
338,પેલેસની મુલાકાત લેવાનો સમય સવારે 10 થી સાંજે 5 નો છે.,Gujarati,Tourist Attractions,Laxmi Vilas Palace,Neutral
339,અહીં મસ્જિદ અને જૂના જૈન મંદિરો આવેલા છે.,Gujarati,Tourist Attractions,Champaner,Neutral
340,પબ્લિક ટ્રાન્સપોર્ટથી તળેટી સુધી પહોંચી શકાય છે.,Gujarati,Tourist Attractions,Pavagadh,Neutral
341,Simply wow! The sheer scale of the monument is breathtaking. Great crowd management.,English,Tourist Attractions,Statue of Unity,Positive
342,A very serene and peaceful place. Walking through history is an amazing feeling.,English,Tourist Attractions,Sabarmati Ashram,Positive
343,Incredible architecture! The intricate carvings are perfectly preserved. Highly recommend bringing a good camera.,English,Tourist Attractions,Adalaj Stepwell,Positive
344,The free audio guide was very informative. The palace interiors are magnificent and luxurious.,English,Tourist Attractions,Laxmi Vilas Palace,Positive
345,An absolute marvel of ancient Indian architecture. It is extremely clean and well-maintained.,English,Tourist Attractions,Rani ki Vav,Positive
346,Well maintained area. Everything is systematic.,English,Tourist Attractions,Statue of Unity,Positive
347,The ropeway ride offers a spectacular view of the surrounding forests. Very convenient.,English,Tourist Attractions,Pavagadh,Positive
348,Beautiful heritage site with a lot of history. Perfect for an early morning visit.,English,Tourist Attractions,Champaner,Positive
349,Grand architecture and beautiful gardens.,English,Tourist Attractions,Laxmi Vilas Palace,Positive
350,Beautifully preserved history of Mahatma Gandhi. Very calm place.,English,Tourist Attractions,Sabarmati Ashram,Positive
351,Ticket prices are a complete ripoff. We paid so much just to stand in endless queues.,English,Tourist Attractions,Statue of Unity,Negative
352,Ther is no propper parking at all. Had to park half a mile away on the street.,English,Tourist Attractions,Sabarmati Ashram,Negative
353,Too crowded! People were screaming and ruining the peaceful vibe. Not worth it on weekends.,English,Tourist Attractions,Adalaj Stepwell,Negative
354,"Wow, 600 rupees ticket to just look at a few rooms. Best way to waste your money!",English,Tourist Attractions,Laxmi Vilas Palace,Negative
355,No shaded areas to sit and the heat was unbearable. Management needs to provide some relief.,English,Tourist Attractions,Rani ki Vav,Negative
356,The historical structures are poorly maintained. People have scribbled on the ancient walls. Sad.,English,Tourist Attractions,Champaner,Negative
357,The waiting time for the ropeway was over three hours. Completely unorganized and exhausting.,English,Tourist Attractions,Pavagadh,Negative
358,The local food court is too expensive and the food quality is pathetic.,English,Tourist Attractions,Statue of Unity,Negative
359,Too much dirt and garbage everywhere.,English,Tourist Attractions,Adalaj Stepwell,Negative
360,Unfriendly guards and very strict photography rules make the experience very annoying.,English,Tourist Attractions,Laxmi Vilas Palace,Negative
361,The viewing gallery ticket includes access to the museum and valley of flowers.,English,Tourist Attractions,Statue of Unity,Neutral
362,The ashram is located on the banks of the Sabarmati river in Ahmedabad.,English,Tourist Attractions,Sabarmati Ashram,Neutral
363,There is no entry fee to visit this stepwell.,English,Tourist Attractions,Adalaj Stepwell,Neutral
364,"Audio guides are available in multiple languages including English, Hindi, and Gujarati.",English,Tourist Attractions,Laxmi Vilas Palace,Neutral
365,It takes about 3 to 4 hours to explore the entire archaeological park.,English,Tourist Attractions,Champaner,Neutral
366,The ropeway ticket costs 130 rupees for a two-way journey.,English,Tourist Attractions,Pavagadh,Neutral
367,The monument is printed on the back of the Indian 100 rupee note.,English,Tourist Attractions,Rani ki Vav,Neutral
368,The laser show takes place every evening at 7:30 PM.,English,Tourist Attractions,Statue of Unity,Neutral
369,The palace remains closed for visitors on Mondays.,English,Tourist Attractions,Laxmi Vilas Palace,Neutral
370,Local guides are available near the entrance for a small fee.,English,Tourist Attractions,Adalaj Stepwell,Neutral
371,Architecture is next level. Online tickets book કરાવી લીધી હતી એટલે no waiting at all.,Mixed,Tourist Attractions,Statue of Unity,Positive
372,Vibe ekdum peaceful chhe. History neat and clean rite explain kari chhe. Must visit.,Mixed,Tourist Attractions,Sabarmati Ashram,Positive
373,What a beautiful place! Carvings bahu j detailed chhe. Photography mate best location.,Mixed,Tourist Attractions,Adalaj Stepwell,Positive
374,Audio guide was very helpful. Palace ni grandeur joi ne maza aavi gai.,Mixed,Tourist Attractions,Laxmi Vilas Palace,Positive
375,Maintenance is really good. Stepwell no history jani ne proud feel thai chhe.,Mixed,Tourist Attractions,Rani ki Vav,Positive
376,Awesome heritage site. Pura family sathe walk karva mate nice place chhe.,Mixed,Tourist Attractions,Champaner,Positive
377,Ropeway ride was thrilling! Darshan pan bahu shanti thi thaya.,Mixed,Tourist Attractions,Pavagadh,Positive
378,Everything is well organized. Bus service pan properly manage kari chhe.,Mixed,Tourist Attractions,Statue of Unity,Positive
379,Superb architecture. Beautiful spot!,Mixed,Tourist Attractions,Adalaj Stepwell,Positive
380,Royal family nu collection amazing chhe. Worth the ticket price.,Mixed,Tourist Attractions,Laxmi Vilas Palace,Positive
381,Management zero chhe. Itni moti line hati ke thaki gaya. Totally overpriced.,Mixed,Tourist Attractions,Statue of Unity,Negative
382,Parkig mate koi proper space nathi. Traffic police ae fine fadi didho.,Mixed,Tourist Attractions,Sabarmati Ashram,Negative
383,Weekend per bahu j rush hoy chhe. Shantithi photo pan click na kari shakya.,Mixed,Tourist Attractions,Adalaj Stepwell,Negative
384,₹600 for entry ticket is too much. Andar bas 3-4 rooms j jova de chhe. Not recommended.,Mixed,Tourist Attractions,Laxmi Vilas Palace,Negative
385,Toilet facility sav kharab chhe. UNESCO site ma aavi gandki expect nahoti kari 😡,Mixed,Tourist Attractions,Rani ki Vav,Negative
386,Guide na name par lut fad chale chhe. Information pan khoti aape chhe.,Mixed,Tourist Attractions,Champaner,Negative
387,Ropeway ni line ma 3 hours waste thaya. Management completely fail chhe.,Mixed,Tourist Attractions,Pavagadh,Negative
388,Croud control nathi. Viewing gallery ma saans leva ni pan jagya nahoti.,Mixed,Tourist Attractions,Statue of Unity,Negative
389,Bahu kachro hato andar.,Mixed,Tourist Attractions,Adalaj Stepwell,Negative
390,The place is historic pan staff no attitude bahu rude hato.,Mixed,Tourist Attractions,Sabarmati Ashram,Negative
391,SoU jva mate Kevadia station thi direct e-rickshaw madi rahe chhe.,Mixed,Tourist Attractions,Statue of Unity,Neutral
392,Ashram ni timing morning 8.30 thi evening 6.30 sudhi ni chhe.,Mixed,Tourist Attractions,Sabarmati Ashram,Neutral
393,Entry free chhe pan bahar parking na ₹20 aapva pade chhe.,Mixed,Tourist Attractions,Adalaj Stepwell,Neutral
394,"Palace ma professional camera allowed nathi, only phone photography is permitted.",Mixed,Tourist Attractions,Laxmi Vilas Palace,Neutral
395,Aa place Vadodara thi approx 50 km dur aavelu chhe.,Mixed,Tourist Attractions,Champaner,Neutral
396,Upar temple sudhi pohnchva steps climb karva pade chhe ropeway pachi pan.,Mixed,Tourist Attractions,Pavagadh,Neutral
397,Entry mate online ASI website thi ticket lidhi hoy to thodi sasti pade chhe.,Mixed,Tourist Attractions,Rani ki Vav,Neutral
398,Laser show nu ticket alag thi nathi levu padtu.,Mixed,Tourist Attractions,Statue of Unity,Neutral
399,Khadi clothes mate ni ek shop ashram campus ma j aaveli chhe.,Mixed,Tourist Attractions,Sabarmati Ashram,Neutral
400,Monday na divse palace public mate closed rahe chhe.,Mixed,Tourist Attractions,Laxmi Vilas Palace,Neutral
401,શિવરાજપુર બીચનું પાણી એકદમ કાચ જેવું ચોખ્ખું છે. સનસેટ જોવાની ખૂબ મજા આવી.,Gujarati,Beaches,Shivrajpur Beach,Positive
402,માંડવી બીચ પર ઊંટ સવારીની મજા લીધી. વાતાવરણ એકદમ રમણીય અને શાંત હતું.,Gujarati,Beaches,Mandvi Beach,Positive
403,તીથલ બીચ પર સાંજનો સમય વિતાવવો ખૂબ ગમે. ભજિયાં અને દાબેલીનો સ્વાદ અદભુત હતો.,Gujarati,Beaches,Tithal Beach,Positive
404,દીવના નાગોઆ બીચ પર વોટર સ્પોર્ટ્સની ખૂબ જ મજા આવી. સાફસફાઈનું પણ પૂરું ધ્યાન રાખવામાં આવ્યું છે.,Gujarati,Beaches,Diu Beach,Positive
405,ફેમિલી સાથે પિકનિક માટે શિવરાજપુર બેસ્ટ જગ્યા છે. બ્લુ ફ્લેગ સર્ટિફિકેટ હોવાથી સુવિધાઓ પણ સારી છે.,Gujarati,Beaches,Shivrajpur Beach,Positive
406,અહીંથી સૂર્યાસ્તનો નજારો ખૂબ જ સુંદર દેખાય છે. મન પ્રફુલ્લિત થઈ ગયું.,Gujarati,Beaches,Mandvi Beach,Positive
407,કાળી રેતીનો આ દરિયાકિનારો સાંજના સમયે ઠંડા પવનથી ખૂબ જ આહલાદક બની જાય છે.,Gujarati,Beaches,Tithal Beach,Positive
408,દીવમાં સાંજનો સમય દરિયાકિનારે બેસવું એ એક અલગ જ અનુભવ છે. શાંતિનો અહેસાસ થાય.,Gujarati,Beaches,Diu Beach,Positive
409,પાણી એટલું શુદ્ધ છે કે નીચેની રેતી પણ દેખાય. ગુજરાતનો બેસ્ટ બીચ.,Gujarati,Beaches,Shivrajpur Beach,Positive
410,પવનચક્કીઓ સાથે માંડવી બીચનો નજારો ફોટોગ્રાફી માટે ઉત્તમ છે 😍,Gujarati,Beaches,Mandvi Beach,Positive
411,પાર્કિંગની બહુ મોટી જગ્યા છે એટલે કોઈ તકલીફ નથી પડતી. ફૂડ સ્ટોલ પર ખાવાની મજા આવે.,Gujarati,Beaches,Tithal Beach,Positive
412,ભીડ ઓછી હતી એટલે અમે દરિયાના મોજાની મજા બહુ જ સારી રીતે માણી શક્યા.,Gujarati,Beaches,Diu Beach,Positive
413,બાળકોને રમવાની ખૂબ મજા આવી. નહાવા માટે પણ પાણી સુરક્ષિત છે.,Gujarati,Beaches,Shivrajpur Beach,Positive
414,સ્વચ્છ દરિયાકિનારો અને ખાણીપીણીની સારી વ્યવસ્થા. પૈસા વસૂલ જગ્યા.,Gujarati,Beaches,Mandvi Beach,Positive
415,દરિયાકિનારે પ્લાસ્ટિકનો કચરો બહુ જ હતો. સફાઈ બિલકુલ નથી રાખી.,Gujarati,Beaches,Tithal Beach,Negative
416,દીવમાં વીકેન્ડ પર એટલી બધી ભીડ હોય છે કે ચાલવાની પણ જગ્યા નથી મળતી.,Gujarati,Beaches,Diu Beach,Negative
417,જમવા માટે આજુબાજુ કોઈ સારી સુવિધા નથી. ફક્ત નાસ્તાની જ દુકાનો છે.,Gujarati,Beaches,Shivrajpur Beach,Negative
418,બીચ પર ઘોડા અને ઊંટની લીદ એટલી બધી હતી કે દુર્ગંધ આવતી હતી. બહુ ખરાબ હાલત છે.,Gujarati,Beaches,Mandvi Beach,Negative
419,રવિવારે પાર્કિંગ માટે અડધો કલાક ગોળ ગોળ ફરવું પડ્યું. ટ્રાફિક વ્યવસ્થા સાવ ખરાબ.,Gujarati,Beaches,Tithal Beach,Negative
420,વોટર એક્ટિવિટીના ભાવ બહુ જ વધારે છે. સામાન્ય માણસને ના પોસાય.,Gujarati,Beaches,Diu Beach,Negative
421,"શિવરાજપુરના નામની ખાલી મોટી વાતો છે, અંદર એન્ટ્રી માટે બહુ લાંબી લાઈન હોય છે.",Gujarati,Beaches,Shivrajpur Beach,Negative
422,દરિયાનું પાણી બહુ જ ગંદુ અને કાદવવાળું હતું. ન્હાવા જેવું બિલકુલ નહોતું 😡,Gujarati,Beaches,Mandvi Beach,Negative
423,ફૂડ સ્ટોલ પર ખૂબ જ માખીઓ ઉડતી હતી. સ્વચ્છતા નામે મીંડું.,Gujarati,Beaches,Tithal Beach,Negative
424,"અહીં લોકો ખુલ્લેઆમ દારૂ પીને ફરતા હોય છે, ફેમિલી માટે બિલકુલ સલામત જગ્યા નથી.",Gujarati,Beaches,Diu Beach,Negative
425,ચેન્જિંગ રૂમ અને વોશરૂમ બહુ જ ગંદા હતા. પાણી પણ નહોતું આવતું.,Gujarati,Beaches,Shivrajpur Beach,Negative
426,પાર્કિંગના ચાર્જ બહુ વધારે છે અને સિક્યુરિટી કંઈ જ નથી.,Gujarati,Beaches,Mandvi Beach,Negative
427,અવાજ અને ઘોંઘાટ બહુ જ હતો. શાંતિથી બેસવા ના મળ્યું.,Gujarati,Beaches,Tithal Beach,Negative
428,"દીવ શહેરથી આ બીચ થોડો દૂર છે, તમારે પોતાનું વાહન જોઈએ.",Gujarati,Beaches,Diu Beach,Neutral
429,અંદર જવા માટે 30 રૂપિયાની ટિકિટ લેવી પડે છે.,Gujarati,Beaches,Shivrajpur Beach,Neutral
430,"પ્રાઇવેટ બીચ પર એન્ટ્રી ફી હોય છે, પબ્લિક બીચ પર મફત છે.",Gujarati,Beaches,Mandvi Beach,Neutral
431,આ બીચની પાસે જ એક મોટું સ્વામિનારાયણ મંદિર આવેલું છે.,Gujarati,Beaches,Tithal Beach,Neutral
432,અહીં વોટર સ્પોર્ટ્સ સવારે 9 થી સાંજે 5 સુધી ચાલુ રહે છે.,Gujarati,Beaches,Diu Beach,Neutral
433,આ એક બ્લુ ફ્લેગ સર્ટિફાઇડ બીચ છે.,Gujarati,Beaches,Shivrajpur Beach,Neutral
434,અહીં બોટિંગ અને પેરાસેલિંગની સુવિધા ઉપલબ્ધ છે.,Gujarati,Beaches,Mandvi Beach,Neutral
435,"તીથલ એ કાળી રેતીનો બીચ છે, અહીં સફેદ રેતી નથી.",Gujarati,Beaches,Tithal Beach,Neutral
436,બીચ પાસે ભાડેથી સ્કૂટી મળી રહે છે.,Gujarati,Beaches,Diu Beach,Neutral
437,મેઈન ગેટની બહાર પાર્કિંગની વ્યવસ્થા છે.,Gujarati,Beaches,Shivrajpur Beach,Neutral
438,સાંજે 4 વાગ્યા પછી જ ખાણીપીણીની લારીઓ ખુલે છે.,Gujarati,Beaches,Mandvi Beach,Neutral
439,ભરતીના સમયે પાણી છેક પગથિયાં સુધી આવી જાય છે.,Gujarati,Beaches,Tithal Beach,Neutral
440,અહીંથી ફિશિંગ બોટ જોવા મળે છે.,Gujarati,Beaches,Diu Beach,Neutral
441,Crystal clear water and stunning sunset views. Easily the best beach in Gujarat.,English,Beaches,Shivrajpur Beach,Positive
442,The private beach area is incredibly serene. The windmills in the background look majestic.,English,Beaches,Mandvi Beach,Positive
443,"Loved the evening walk here. The local street food, especially the dabeli, was out of this world.",English,Beaches,Tithal Beach,Positive
444,Parasailing was a fantastic experience. The beach is kept very clean and safe for tourists.,English,Beaches,Diu Beach,Positive
445,Very clean and well maintained. The blue flag rating is totally justified. Great for swimming.,English,Beaches,Shivrajpur Beach,Positive
446,Perfect place for a peaceful morning stroll. Not much crowd and the breeze is refreshing.,English,Beaches,Mandvi Beach,Positive
447,The sunset here is truly a sight to behold. Lots of space to sit and relax.,English,Beaches,Tithal Beach,Positive
448,Water sports are perfectly organized. Highly recommend visiting in the early evening.,English,Beaches,Diu Beach,Positive
449,The changing rooms and shower facilities are excellent. Very well managed by the authorities.,English,Beaches,Shivrajpur Beach,Positive
450,Awesome ATV rides and camel safaris. My kids thoroughly enjoyed it.,English,Beaches,Mandvi Beach,Positive
451,Horrible traffic jams on weekends. There is absolutely no space to park your car safely.,English,Beaches,Tithal Beach,Negative
452,The water was extremely muddy and full of plastic bottles. Disgusting.,English,Beaches,Diu Beach,Negative
453,The guards are very rude and the entry process is painfully slow. Not worth the hype.,English,Beaches,Shivrajpur Beach,Negative
454,Garbage was scattered everywhere on the shore. The authorities don't seem to care at all.,English,Beaches,Mandvi Beach,Negative
455,Way too crowded. It felt more like a busy market than a relaxing beach.,English,Beaches,Tithal Beach,Negative
456,Food stalls are heavily overpriced and the hygiene is highly questionable.,English,Beaches,Diu Beach,Negative
457,There are no good food options available nearby. You have to travel back to the city for lunch.,English,Beaches,Shivrajpur Beach,Negative
458,Stray dogs were roaming around freely and chasing children. I did not feel safe.,English,Beaches,Mandvi Beach,Negative
459,Public toilets were in pathetic condition. Unbearable stench.,English,Beaches,Tithal Beach,Negative
460,Loud music from the shacks ruined the peace. Too many drunk tourists creating a nuisance.,English,Beaches,Diu Beach,Negative
461,You have to pay an entry fee of 30 rupees per person.,English,Beaches,Shivrajpur Beach,Neutral
462,Vijay Vilas Palace is located just a few kilometers away from this beach.,English,Beaches,Mandvi Beach,Neutral
463,This beach is situated in the Valsad district.,English,Beaches,Tithal Beach,Neutral
464,The water activities operate depending on the tide conditions.,English,Beaches,Diu Beach,Neutral
465,Outside food and plastic bags are strictly restricted inside the beach premises.,English,Beaches,Shivrajpur Beach,Neutral
466,Horse and camel rides are available throughout the day.,English,Beaches,Mandvi Beach,Neutral
467,"During high tide, the water covers almost the entire sandy area.",English,Beaches,Tithal Beach,Neutral
468,Paid parking is available right opposite the main entrance.,English,Beaches,Diu Beach,Neutral
469,You can rent beach umbrellas and seating chairs for a few hours.,English,Beaches,Shivrajpur Beach,Neutral
470,The sand here is slightly brownish in color.,English,Beaches,Mandvi Beach,Neutral
471,Sunset no view bahu j amazing hato. Ahi aavine stress ekdum dur thai gayo.,Mixed,Beaches,Shivrajpur Beach,Positive
472,Beach is very clean and crowd pan ochho hato. Peaceful time spend karva mate best.,Mixed,Beaches,Mandvi Beach,Positive
473,Food stalls are amazing! Tithal na bhajiya are famous and very tasty.,Mixed,Beaches,Tithal Beach,Positive
474,Water sports ni maja aavi gai 😍. Safe and full of thrill.,Mixed,Beaches,Diu Beach,Positive
475,Crystal clear water ane white sand! Blue flag rating definitely deserve kare chhe.,Mixed,Beaches,Shivrajpur Beach,Positive
476,Windmills sathe background ma photo sara aave chhe. We had a great time.,Mixed,Beaches,Mandvi Beach,Positive
477,Evening breeze ekdum mast hati. Family sathe quality time spend karyo.,Mixed,Beaches,Tithal Beach,Positive
478,Kids mate proper rides chhe and safe pan chhe. Proper maintenance rakhyu chhe.,Mixed,Beaches,Diu Beach,Positive
479,Atmosphere ekdum shant chhe. Bahu j clean water and well behaved staff.,Mixed,Beaches,Shivrajpur Beach,Positive
480,Camel ride was extremely fun. Nice clean beach.,Mixed,Beaches,Mandvi Beach,Positive
481,"Bahu j garbage hatu, not clean at all. People plastic no kachro faike chhe.",Mixed,Beaches,Tithal Beach,Negative
482,Too much crowd chhe and parking no bahu moto issue chhe. Gadi mukvi kyay?,Mixed,Beaches,Diu Beach,Negative
483,"Overhyped chhe, basic facilities j nathi. Entry mate line ma ubhu rehvu pade chhe.",Mixed,Beaches,Shivrajpur Beach,Negative
484,Water was very muddy and smelly. Nhavani to himmat j na chali.,Mixed,Beaches,Mandvi Beach,Negative
485,Traffic na lidhe 1 kalak wait karvu padyu. Totally mismanaged weekend chhe.,Mixed,Beaches,Tithal Beach,Negative
486,Food quality sav bekar hati. Food posioning thai jay evu lagtu hatu.,Mixed,Beaches,Diu Beach,Negative
487,Changing rooms dirty hata and pani pan aavtu nahotu.,Mixed,Beaches,Shivrajpur Beach,Negative
488,No safety for water activities. Life jacket pan fatela hata 😡,Mixed,Beaches,Mandvi Beach,Negative
489,"Bahu j noisy chhe, zero peace. Badha lari wada aawaj kare chhe.",Mixed,Beaches,Tithal Beach,Negative
490,"Expensive activities chhe, totally lootera type log chhe aahya.",Mixed,Beaches,Diu Beach,Negative
491,Outside food is strictly restricted. Bag check kare chhe gate par.,Mixed,Beaches,Shivrajpur Beach,Neutral
492,"Private beach ma entry fee chhe, while public area free of cost chhe.",Mixed,Beaches,Mandvi Beach,Neutral
493,Valsad station thi auto easily mali rahe chhe aa beach sudhi.,Mixed,Beaches,Tithal Beach,Neutral
494,Nagoa beach par jet ski ane speed boat available chhe.,Mixed,Beaches,Diu Beach,Neutral
495,Dwarka thi aa beach aashre 12 km dur chhe. Highway saro chhe.,Mixed,Beaches,Shivrajpur Beach,Neutral
496,Bahu badha stalls sunset pachi close thai jay chhe.,Mixed,Beaches,Mandvi Beach,Neutral
497,"Aa ek black sand beach chhe, ahi aaju baju temples pan aavela chhe.",Mixed,Beaches,Tithal Beach,Neutral
498,Two-wheeler rent par madi jay chhe aahya aaram thi.,Mixed,Beaches,Diu Beach,Neutral
499,"Online booking also possible for entry tickets, so time bachi jay chhe.",Mixed,Beaches,Shivrajpur Beach,Neutral
500,Horse riding and camel riding na fix rate board par lakhela chhe.,Mixed,Beaches,Mandvi Beach,Neutral
501,"અમદાવાદની આ હોટલ બહુ જ સરસ છે, સ્ટાફનો સ્વભાવ પણ સારો છે.",Gujarati,Hotel,Ahmedabad,Positive
502,રૂમ એકદમ ચોખ્ખા હતા અને સવારનો નાસ્તો પણ સ્વાદિષ્ટ હતો.,Gujarati,Hotel,Ahmedabad,Positive
503,"અમને અહીંયા રોકાવાની ખૂબ મજા આવી, બધું જ પરફેક્ટ હતું.",Gujarati,Hotel,Ahmedabad,Positive
504,"સર્વિસ બહુ જ ઝડપી હતી, મેનેજમેન્ટનો આભાર.",Gujarati,Hotel,Ahmedabad,Positive
505,ફેમિલી સાથે રોકાવા માટે આ એક ઉત્તમ જગ્યા છે.,Gujarati,Hotel,Ahmedabad,Positive
506,પૈસા વસૂલ હોટલ! લોકેશન પણ એકદમ વચ્ચે છે.,Gujarati,Hotel,Ahmedabad,Positive
507,રાત્રે શાંતિ હતી અને પથારી પણ આરામદાયક હતી.,Gujarati,Hotel,Ahmedabad,Positive
508,હોટલનું ઇન્ટિરિયર ખૂબ જ સુંદર અને આધુનિક છે.,Gujarati,Hotel,Ahmedabad,Positive
509,રિસેપ્શન પર જે ભાઈ હતા એમણે અમને બહુ સારી રીતે ગાઇડ કર્યા.,Gujarati,Hotel,Ahmedabad,Positive
510,બાથરૂમમાં ગરમ પાણીની સુવિધા સારી હતી.,Gujarati,Hotel,Ahmedabad,Positive
511,અમદાવાદમાં રોકાવા માટે આનાથી સારી જગ્યા કદાચ જ મળે.,Gujarati,Hotel,Ahmedabad,Positive
512,એસી બરાબર કામ કરતું હતું અને રૂમમાં સુગંધ આવતી હતી.,Gujarati,Hotel,Ahmedabad,Positive
513,હોટલની આસપાસ ખાણીપીણીની ઘણી સારી જગ્યાઓ છે.,Gujarati,Hotel,Ahmedabad,Positive
514,આટલા ઓછા બજેટમાં આટલી સારી સુવિધા મેં ક્યાંય નથી જોઈ.,Gujarati,Hotel,Ahmedabad,Positive
515,સ્વિમિંગ પૂલ પણ એકદમ સાફ હતો.,Gujarati,Hotel,Ahmedabad,Positive
516,ફ્રી વાઈફાઈની સ્પીડ પણ સારી આવતી હતી.,Gujarati,Hotel,Ahmedabad,Positive
517,હું ચોક્કસ બીજી વાર અહી જ રોકાવાનું પસંદ કરીશ.,Gujarati,Hotel,Ahmedabad,Positive
518,હોટલનું ચેક-ઇન ટાઈમ બપોરે 12 વાગ્યાનો છે.,Gujarati,Hotel,Ahmedabad,Neutral
519,આ હોટલ આશ્રમ રોડ પર આવેલી છે.,Gujarati,Hotel,Ahmedabad,Neutral
520,રૂમનું ભાડું 2000 રૂપિયાથી શરૂ થાય છે.,Gujarati,Hotel,Ahmedabad,Neutral
521,અહીંયા પાર્કિંગની સુવિધા ઉપલબ્ધ છે.,Gujarati,Hotel,Ahmedabad,Neutral
522,બ્રેકફાસ્ટ સવારે 7 થી 10 ની વચ્ચે મળે છે.,Gujarati,Hotel,Ahmedabad,Neutral
523,રેલવે સ્ટેશનથી આ હોટલ 5 કિલોમીટર દૂર છે.,Gujarati,Hotel,Ahmedabad,Neutral
524,એક્સ્ટ્રા બેડ માટે અલગથી ચાર્જ આપવો પડે છે.,Gujarati,Hotel,Ahmedabad,Neutral
525,હોટલમાં બે લિફ્ટ છે.,Gujarati,Hotel,Ahmedabad,Neutral
526,અમે ઓનલાઈન બુકિંગ કરાવ્યું હતું.,Gujarati,Hotel,Ahmedabad,Neutral
527,રૂમમાં ટીવી અને નાનું ફ્રિજ આપેલું છે.,Gujarati,Hotel,Ahmedabad,Neutral
528,રૂમ સર્વિસ રાત્રે 11 વાગ્યા સુધી જ ચાલુ રહે છે.,Gujarati,Hotel,Ahmedabad,Neutral
529,હોટલના ગ્રાઉન્ડ ફ્લોર પર એક રેસ્ટોરન્ટ છે.,Gujarati,Hotel,Ahmedabad,Neutral
530,આ હોટલ મુખ્ય રસ્તાની બિલકુલ બાજુમાં છે.,Gujarati,Hotel,Ahmedabad,Neutral
531,અહીંયાથી એરપોર્ટ જવા માટે કેબ મળી રહે છે.,Gujarati,Hotel,Ahmedabad,Neutral
532,અમને ત્રીજા માળ પર રૂમ મળ્યો હતો.,Gujarati,Hotel,Ahmedabad,Neutral
533,ચેક-આઉટ કરતી વખતે બિલમાં કોઈ ભૂલ નહોતી.,Gujarati,Hotel,Ahmedabad,Neutral
534,હોટલના નિયમ પ્રમાણે પાલતુ પ્રાણીઓ અંદર લાવી શકાતા નથી.,Gujarati,Hotel,Ahmedabad,Neutral
535,રૂમ બહુ જ નાના હતા અને ગંદકી હતી.,Gujarati,Hotel,Ahmedabad,Negative
536,"સર્વિસ સાવ ખરાબ છે, કોઈ સાંભળતું જ નથી.",Gujarati,Hotel,Ahmedabad,Negative
537,નાસ્તામાં કોઈ જ સ્વાદ નહોતો અને ઠંડો હતો.,Gujarati,Hotel,Ahmedabad,Negative
538,બાથરૂમમાંથી ખરાબ વાસ આવતી હતી.,Gujarati,Hotel,Ahmedabad,Negative
539,એસી બગડેલું હતું અને રિપેર કરવા કોઈ ના આવ્યું.,Gujarati,Hotel,Ahmedabad,Negative
540,"રાત્રે બહુ જ અવાજ આવતો હતો, ઊંઘ જ ના આવી.",Gujarati,Hotel,Ahmedabad,Negative
541,મેનેજરનો વ્યવહાર બિલકુલ સારો નહોતો.,Gujarati,Hotel,Ahmedabad,Negative
542,ટીવી ચાલુ જ નહોતું થતું.,Gujarati,Hotel,Ahmedabad,Negative
543,ફોટામાં હોટલ સારી દેખાતી હતી પણ હકીકતમાં સાવ ભંગાર છે.,Gujarati,Hotel,Ahmedabad,Negative
544,પાર્કિંગમાં ગાડી મૂકવાની જગ્યા જ નહોતી.,Gujarati,Hotel,Ahmedabad,Negative
545,લિફ્ટ વારંવાર બંધ પડી જતી હતી.,Gujarati,Hotel,Ahmedabad,Negative
546,રૂમમાં મચ્છર બહુ જ હતા.,Gujarati,Hotel,Ahmedabad,Negative
547,અમે માંગેલું પાણી પણ કલાક પછી આપ્યું.,Gujarati,Hotel,Ahmedabad,Negative
548,"પૈસા પડી ગયા એવું લાગે છે, સાવ થર્ડ ક્લાસ.",Gujarati,Hotel,Ahmedabad,Negative
549,બેડશીટ પર ડાઘા હતા અને બદલી પણ ના આપી.,Gujarati,Hotel,Ahmedabad,Negative
550,ફ્રી વાઈફાઈ તો ચાલતું જ નહોતું.,Gujarati,Hotel,Ahmedabad,Negative
551,"સ્ટેચ્યુ ઓફ યુનિટી ખરેખર એક અદ્ભુત રચના છે, જોઈને ગર્વ થાય.",Gujarati,Tourist Attractions,Statue of Unity,Positive
552,"અહીંની વ્યવસ્થા બહુ જ સરસ છે, ક્યાંય તકલીફ ના પડી.",Gujarati,Tourist Attractions,Statue of Unity,Positive
553,"લેસર શો જોવાની ખૂબ જ મજા આવી ગઈ, એકદમ શાનદાર!",Gujarati,Tourist Attractions,Statue of Unity,Positive
554,સરદાર પટેલની આટલી મોટી પ્રતિમા જોઈને આંખો ખુલ્લી રહી ગઈ.,Gujarati,Tourist Attractions,Statue of Unity,Positive
555,બાળકો માટે પણ અહીંયા ઘણું બધું જોવા અને શીખવા જેવું છે.,Gujarati,Tourist Attractions,Statue of Unity,Positive
556,"ટિકિટના પૈસા વસૂલ થઈ ગયા, પૂરો દિવસ આરામથી નીકળી ગયો.",Gujarati,Tourist Attractions,Statue of Unity,Positive
557,વેલી ઓફ ફ્લાવર્સ બહુ સુંદર રીતે ડેવલપ કરેલું છે.,Gujarati,Tourist Attractions,Statue of Unity,Positive
558,વ્યુઇંગ ગેલેરીમાંથી નર્મદા ડેમનો નજારો જોવા જેવો હતો.,Gujarati,Tourist Attractions,Statue of Unity,Positive
559,ગાઈડ બહુ સારી રીતે બધો ઇતિહાસ સમજાવતા હતા.,Gujarati,Tourist Attractions,Statue of Unity,Positive
560,સ્વચ્છતાના મામલે આ જગ્યાને સો માંથી સો માર્ક્સ.,Gujarati,Tourist Attractions,Statue of Unity,Positive
561,બસોની સુવિધા સારી હોવાથી ચાલવું ઓછું પડે છે.,Gujarati,Tourist Attractions,Statue of Unity,Positive
562,અહીંયા ફરવાની એક અલગ જ શાંતિ અને ખુશી મળે છે.,Gujarati,Tourist Attractions,Statue of Unity,Positive
563,સરદાર સરોવર ડેમ જોઈને ભારતની તાકાતનો અહેસાસ થયો.,Gujarati,Tourist Attractions,Statue of Unity,Positive
564,ફોટોગ્રાફી માટે આનાથી બેસ્ટ જગ્યા ગુજરાતમાં બીજી કોઈ નથી.,Gujarati,Tourist Attractions,Statue of Unity,Positive
565,મને અહીંનું મ્યુઝિયમ ખૂબ જ ઇન્ફોર્મેટિવ લાગ્યું.,Gujarati,Tourist Attractions,Statue of Unity,Positive
566,ફૂડ કોર્ટમાં ખાવાનું પણ સ્વાદિષ્ટ અને તાજું હતું.,Gujarati,Tourist Attractions,Statue of Unity,Positive
567,સોમવારે સ્ટેચ્યુ ઓફ યુનિટી પ્રવાસીઓ માટે બંધ રહે છે.,Gujarati,Tourist Attractions,Statue of Unity,Neutral
568,ટિકિટ તમે ઓનલાઈન અથવા ત્યાં જઈને પણ લઈ શકો છો.,Gujarati,Tourist Attractions,Statue of Unity,Neutral
569,અમદાવાદથી અહીં પહોંચતા લગભગ ચાર કલાક જેટલો સમય લાગે છે.,Gujarati,Tourist Attractions,Statue of Unity,Neutral
570,વ્યુઇંગ ગેલેરીની ટિકિટનો ભાવ અલગથી ચૂકવવો પડે છે.,Gujarati,Tourist Attractions,Statue of Unity,Neutral
571,લેસર શો સાંજે 7:30 વાગ્યે શરૂ થાય છે.,Gujarati,Tourist Attractions,Statue of Unity,Neutral
572,અંદર ફરવા માટે ફ્રી બસ સેવા ઉપલબ્ધ છે.,Gujarati,Tourist Attractions,Statue of Unity,Neutral
573,અહીંયા જંગલ સફારી અને પેડ બોટિંગ પણ થાય છે.,Gujarati,Tourist Attractions,Statue of Unity,Neutral
574,આ જગ્યા નર્મદા નદીના કિનારે આવેલી છે.,Gujarati,Tourist Attractions,Statue of Unity,Neutral
575,કેવડિયા રેલવે સ્ટેશનથી આ જગ્યા બહુ નજીક છે.,Gujarati,Tourist Attractions,Statue of Unity,Neutral
576,અહીંયા પોતાનું વાહન પાર્ક કરવા માટે વિશાળ પાર્કિંગ છે.,Gujarati,Tourist Attractions,Statue of Unity,Neutral
577,અમે સવારે નવ વાગ્યે પહોંચ્યા અને સાંજે પાછા નીકળ્યા.,Gujarati,Tourist Attractions,Statue of Unity,Neutral
578,શાળાના બાળકોનો પ્રવાસ અહીંયા બહુ આવે છે.,Gujarati,Tourist Attractions,Statue of Unity,Neutral
579,વડીલો માટે વ્હીલચેરની સુવિધા પણ રાખવામાં આવી છે.,Gujarati,Tourist Attractions,Statue of Unity,Neutral
580,લોકર રૂમમાં સામાન મૂકવાની સગવડ છે.,Gujarati,Tourist Attractions,Statue of Unity,Neutral
581,મોબાઈલ અને કેમેરા અંદર લઈ જવાની છૂટ છે.,Gujarati,Tourist Attractions,Statue of Unity,Neutral
582,ફૂડ કોર્ટમાં અલગ અલગ રાજ્યનું જમવાનું મળે છે.,Gujarati,Tourist Attractions,Statue of Unity,Neutral
583,બપોરના સમયે અહીંયા ખૂબ જ તડકો લાગે છે.,Gujarati,Tourist Attractions,Statue of Unity,Neutral
584,"ટિકિટ માટે બહુ લાંબી લાઈન હતી, બે કલાક બગડી ગયા.",Gujarati,Tourist Attractions,Statue of Unity,Negative
585,"તડકામાં ઊભા રહેવાની કોઈ વ્યવસ્થા નથી, શેડ બનાવવા જોઈએ.",Gujarati,Tourist Attractions,Statue of Unity,Negative
586,જમવાનું બહુ જ મોંઘુ અને સાવ બકવાસ હતું.,Gujarati,Tourist Attractions,Statue of Unity,Negative
587,બસોમાં ઘેટાં બકરાંની જેમ લોકોને ભર્યા હતા.,Gujarati,Tourist Attractions,Statue of Unity,Negative
588,લેસર શો દરમિયાન અવાજ બરાબર સંભળાતો નહોતો.,Gujarati,Tourist Attractions,Statue of Unity,Negative
589,"લિફ્ટ માટે લાંબુ વેઇટિંગ હતું, કંટાળી ગયા.",Gujarati,Tourist Attractions,Statue of Unity,Negative
590,વ્યુઇંગ ગેલેરીમાંથી કાચ એટલા ગંદા હતા કે કંઈ દેખાતું નહોતું.,Gujarati,Tourist Attractions,Statue of Unity,Negative
591,પીવાનું પાણી અમુક જગ્યાએ તો હતું જ નહિ.,Gujarati,Tourist Attractions,Statue of Unity,Negative
592,સ્ટાફના અમુક લોકોનો વ્યવહાર બહુ જ તોછડો હતો.,Gujarati,Tourist Attractions,Statue of Unity,Negative
593,વરસાદમાં બધું કાદવ કીચડ વાળું થઈ ગયું હતું.,Gujarati,Tourist Attractions,Statue of Unity,Negative
594,પાર્કિંગથી મેઈન ગેટ સુધી ચાલતા જવામાં થાકી જવાય છે.,Gujarati,Tourist Attractions,Statue of Unity,Negative
595,ઓનલાઈન ટિકિટ હોવા છતાં સ્કેન કરવામાં બહુ સમય લીધો.,Gujarati,Tourist Attractions,Statue of Unity,Negative
596,જંગલ સફારીમાં કોઈ પ્રાણીઓ જોવા જ ના મળ્યા.,Gujarati,Tourist Attractions,Statue of Unity,Negative
597,બાથરૂમની સફાઈ બિલકુલ યોગ્ય નહોતી.,Gujarati,Tourist Attractions,Statue of Unity,Negative
598,માહિતી આપવા માટે કોઈ સાઇન બોર્ડ બરાબર મૂક્યા નથી.,Gujarati,Tourist Attractions,Statue of Unity,Negative
599,ટિકિટના ભાવ પ્રમાણે સુવિધાઓ બહુ ઓછી છે.,Gujarati,Tourist Attractions,Statue of Unity,Negative
600,રવિવારે એટલી ભીડ હોય છે કે શાંતિથી કંઈ જોઈ શકાતું નથી.,Gujarati,Tourist Attractions,Statue of Unity,Negative
601,"દીવ બીચની સફાઈ જોઈને દિલ ખુશ થઈ ગયું, એકદમ ચોખ્ખો બીચ છે.",Gujarati,Beaches,Diu Beach,Positive
602,સાંજે સૂર્યાસ્તનો નજારો અહીંથી બહુ જ આહલાદક લાગે છે.,Gujarati,Beaches,Diu Beach,Positive
603,પાણીના મોજા સાથે રમવાની બાળકોને ખૂબ મજા આવી.,Gujarati,Beaches,Diu Beach,Positive
604,વોટર સ્પોર્ટ્સની મજા લેવા માટે દીવ બેસ્ટ જગ્યા છે.,Gujarati,Beaches,Diu Beach,Positive
605,"અહીંયા શાંતિ બહુ છે, શહેરી ઘોંઘાટથી દૂર એકદમ રિલેક્સ ફીલ થયું.",Gujarati,Beaches,Diu Beach,Positive
606,બીચ પર ફરવા માટે સ્કૂટર ભાડેથી સરળતાથી મળી ગયા.,Gujarati,Beaches,Diu Beach,Positive
607,નાગોઆ બીચનું પાણી એકદમ ભૂરા રંગનું અને સાફ છે.,Gujarati,Beaches,Diu Beach,Positive
608,સુરક્ષા માટે ગાર્ડ્સ હાજર હતા એટલે ચિંતા વગર નાહવાની મજા લીધી.,Gujarati,Beaches,Diu Beach,Positive
609,બીચની આસપાસ નાળિયેર પાણી પીવાની અલગ જ મજા છે.,Gujarati,Beaches,Diu Beach,Positive
610,ફોટોશૂટ માટે આ દરિયાકિનારો બહુ જ સરસ લોકેશન છે.,Gujarati,Beaches,Diu Beach,Positive
611,પેરાસેલિંગ કરવાની જે મજા આવી એ શબ્દોમાં ના વર્ણવી શકાય.,Gujarati,Beaches,Diu Beach,Positive
612,આજુબાજુનું વાતાવરણ એકદમ રમણીય અને ખુશનુમા હતું.,Gujarati,Beaches,Diu Beach,Positive
613,બીચ પરની લાઈટિંગ રાત્રે બહુ મસ્ત લાગે છે.,Gujarati,Beaches,Diu Beach,Positive
614,અહીંયા વિતાવેલી સાંજ જિંદગીભર યાદ રહેશે.,Gujarati,Beaches,Diu Beach,Positive
615,ફેમિલી પિકનિક માટે દીવ બીચ એક આદર્શ જગ્યા છે.,Gujarati,Beaches,Diu Beach,Positive
616,બીચ પર બેસવા માટે સરસ બેન્ચ મૂકવામાં આવી છે.,Gujarati,Beaches,Diu Beach,Positive
617,સવારના સમયે દરિયા કિનારે ચાલવાનો આનંદ જ કંઈક અલગ છે.,Gujarati,Beaches,Diu Beach,Positive
618,દીવમાં નાગોઆ અને ઘોઘલા એમ બે મુખ્ય બીચ છે.,Gujarati,Beaches,Diu Beach,Neutral
619,અમદાવાદથી દીવ જવા માટે રાતની સ્લીપર બસ મળે છે.,Gujarati,Beaches,Diu Beach,Neutral
620,બીચ પર પ્લાસ્ટિક લઈ જવાની મનાઈ છે.,Gujarati,Beaches,Diu Beach,Neutral
621,વોટર સ્પોર્ટ્સના ભાવ સીઝન પ્રમાણે બદલાતા રહે છે.,Gujarati,Beaches,Diu Beach,Neutral
622,અહીંયા અમુક વિસ્તારમાં ઊંડા પાણીમાં જવાની મનાઈ છે.,Gujarati,Beaches,Diu Beach,Neutral
623,બીચ પાસે ઘણી બધી હોટલ અને રિસોર્ટ આવેલા છે.,Gujarati,Beaches,Diu Beach,Neutral
624,દરિયાકિનારે નાવા માટે શાવરની સુવિધા ઉપલબ્ધ છે.,Gujarati,Beaches,Diu Beach,Neutral
625,ચોમાસામાં દરિયામાં નહાવા પર પ્રતિબંધ હોય છે.,Gujarati,Beaches,Diu Beach,Neutral
626,બીચની બાજુમાં જ દીવનો કિલ્લો આવેલો છે.,Gujarati,Beaches,Diu Beach,Neutral
627,ટૂ વ્હીલર ભાડે લેવા માટે ડ્રાઇવિંગ લાયસન્સ હોવું જરૂરી છે.,Gujarati,Beaches,Diu Beach,Neutral
628,અહીંયા વિદેશી પ્રવાસીઓ પણ ઘણા જોવા મળે છે.,Gujarati,Beaches,Diu Beach,Neutral
629,બીચ પર ઊંટ અને ઘોડેસવારી પણ થાય છે.,Gujarati,Beaches,Diu Beach,Neutral
630,રવિવારે બીચ પર સામાન્ય દિવસો કરતા વધુ ભીડ હોય છે.,Gujarati,Beaches,Diu Beach,Neutral
631,દીવ એક કેન્દ્રશાસિત પ્રદેશ છે.,Gujarati,Beaches,Diu Beach,Neutral
632,બીચ પાસે પાર્કિંગ માટે થોડી ખુલ્લી જગ્યા છે.,Gujarati,Beaches,Diu Beach,Neutral
633,બપોરના સમયે રેતી બહુ ગરમ થઈ જાય છે.,Gujarati,Beaches,Diu Beach,Neutral
634,બીચ પર સાંજ પડતાં જ અંધારું થવા લાગે છે.,Gujarati,Beaches,Diu Beach,Negative
635,"પાણીમાં પ્લાસ્ટિકની કોથળીઓ અને કચરો તરતો હતો, સાવ ગંદકી.",Gujarati,Beaches,Diu Beach,Negative
636,"વોટર સ્પોર્ટ્સ વાળા બહુ જ લૂંટે છે, ભાવ ડબલ કરી દીધા.",Gujarati,Beaches,Diu Beach,Negative
637,ચેન્જિંગ રૂમ સાવ ખરાબ હાલતમાં હતા અને દુર્ગંધ મારતા હતા.,Gujarati,Beaches,Diu Beach,Negative
638,ભીડ એટલી બધી હતી કે બેસવાની પણ જગ્યા ના મળી.,Gujarati,Beaches,Diu Beach,Negative
639,"રાત્રે લાઈટિંગની કોઈ ખાસ વ્યવસ્થા નથી, સાવ અંધારું રહે છે.",Gujarati,Beaches,Diu Beach,Negative
640,બીચ પર રખડતા કૂતરાઓનો બહુ ત્રાસ હતો.,Gujarati,Beaches,Diu Beach,Negative
641,"શાવરમાં પાણી જ નહોતું આવતું, ખારા પાણી સાથે પાછા ફરવું પડ્યું.",Gujarati,Beaches,Diu Beach,Negative
642,"અમુક લોકો બીચ પર દારૂ પીને ધમાલ કરતા હતા, ફેમિલી માટે યોગ્ય નથી.",Gujarati,Beaches,Diu Beach,Negative
643,પાર્કિંગના નામે પૈસા ઉઘરાવે છે પણ કોઈ સિક્યુરિટી નથી.,Gujarati,Beaches,Diu Beach,Negative
644,નાળિયેર પાણીના ભાવ બજાર કરતા ત્રણ ગણા વધારે હતા.,Gujarati,Beaches,Diu Beach,Negative
645,"લાઈફ ગાર્ડ કોઈ કામના નથી, માત્ર વાતો કરતા ઊભા હતા.",Gujarati,Beaches,Diu Beach,Negative
646,"રેતીમાં કાચના ટુકડા પડ્યા હતા, પગમાં વાગી ગયું.",Gujarati,Beaches,Diu Beach,Negative
647,તહેવારોના સમયે ટ્રાફિક એટલો હોય છે કે બીચ સુધી પહોંચતા નાકે દમ આવે.,Gujarati,Beaches,Diu Beach,Negative
648,બીચ પાસેની હોટલો બહુ જ મોંઘી અને સર્વિસ વગરની છે.,Gujarati,Beaches,Diu Beach,Negative
649,પબ્લિક ટોયલેટ એટલા ગંદા હતા કે જઈ જ ના શકાય.,Gujarati,Beaches,Diu Beach,Negative
650,"આટલી સુંદર જગ્યાને લોકોએ કચરાપેટી બનાવી દીધી છે, બહુ દુઃખ થાય છે.",Gujarati,Beaches,Diu Beach,Negative
651,સોમનાથ મહાદેવના દર્શન કરીને મનને ખૂબ જ શાંતિ મળી.,Gujarati,Temple,Somnath,Positive
652,"મંદિરનો ઘુમ્મટ અને તેની કોતરણી અદભુત છે, જોઈને જ ભાવ વિભોર થઈ જવાય.",Gujarati,Temple,Somnath,Positive
653,"લાઇટ એન્ડ સાઉન્ડ શો જોવાની બહુ જ મજા આવી, ઇતિહાસ સરસ રીતે સમજાવ્યો છે.",Gujarati,Temple,Somnath,Positive
654,"દર્શન માટેની લાઈનમાં પણ સારી વ્યવસ્થા હતી, કોઈ ધક્કામુક્કી નહિ.",Gujarati,Temple,Somnath,Positive
655,દરિયા કિનારે બેસીને મંદિર જોવાનો લહાવો જ કંઈક અલગ છે.,Gujarati,Temple,Somnath,Positive
656,"સફાઈનું ખૂબ જ ધ્યાન રાખવામાં આવ્યું છે, એકદમ સ્વચ્છ પરિસર છે.",Gujarati,Temple,Somnath,Positive
657,"પ્રસાદ કાઉન્ટર પર ઝડપથી પ્રસાદ મળી ગયો, સ્ટાફ ખૂબ સહકારી છે.",Gujarati,Temple,Somnath,Positive
658,આરતી સમયે શંખ અને ઝાલરનો અવાજ સાંભળીને રોમેરોમ પુલકિત થઈ જાય છે.,Gujarati,Temple,Somnath,Positive
659,વડીલો માટે વ્હીલચેરની સુવિધા પણ બહુ સારી છે.,Gujarati,Temple,Somnath,Positive
660,સોમનાથ ટ્રસ્ટ દ્વારા સંચાલિત ભોજનાલયમાં જમવાનું એકદમ સાત્વિક અને સ્વાદિષ્ટ હતું.,Gujarati,Temple,Somnath,Positive
661,"સુરક્ષા વ્યવસ્થા કડક છે, જે જોઈને સલામતીનો અહેસાસ થાય છે.",Gujarati,Temple,Somnath,Positive
662,ભગવાન શિવના આ પ્રથમ જ્યોતિર્લિંગના દર્શન કરવા એ જીવનનો લ્હાવો છે.,Gujarati,Temple,Somnath,Positive
663,"અહીંયા વિતાવેલો સમય જીવનભર યાદ રહેશે, અદભુત દિવ્યતા છે.",Gujarati,Temple,Somnath,Positive
664,ટ્રસ્ટની રૂમ્સ પણ બહુ જ ચોખ્ખી અને સસ્તી છે.,Gujarati,Temple,Somnath,Positive
665,મંદિરની બહારનો રસ્તો પણ હવે બહુ જ સરસ બની ગયો છે.,Gujarati,Temple,Somnath,Positive
666,લોકર રૂમની સુવિધા ફ્રી છે અને બહુ જ ઝડપી છે.,Gujarati,Temple,Somnath,Positive
667,આખા પરિવાર સાથે દર્શન કરવાની ખૂબ જ મજા આવી ગઈ.,Gujarati,Temple,Somnath,Positive
668,સોમનાથ મંદિર સવારે 6 વાગ્યાથી રાત્રે 9 વાગ્યા સુધી દર્શન માટે ખુલ્લું રહે છે.,Gujarati,Temple,Somnath,Neutral
669,મંદિરની અંદર મોબાઈલ કેમેરા કે ચામડાની વસ્તુઓ લઈ જવાની મનાઈ છે.,Gujarati,Temple,Somnath,Neutral
670,બહાર જૂતા મૂકવા માટે અને સામાન મૂકવા માટે ક્લોક રૂમની વ્યવસ્થા છે.,Gujarati,Temple,Somnath,Neutral
671,સોમનાથ રેલવે સ્ટેશનથી મંદિર લગભગ એક કિલોમીટર દૂર છે.,Gujarati,Temple,Somnath,Neutral
672,લાઇટ એન્ડ સાઉન્ડ શો ની ટિકિટ 30 રૂપિયા છે અને તે રાત્રે 8 વાગ્યે શરૂ થાય છે.,Gujarati,Temple,Somnath,Neutral
673,દર્શન કરવા માટે સામાન્ય રીતે અડધો કલાક જેટલો સમય લાગે છે.,Gujarati,Temple,Somnath,Neutral
674,મંદિરની બાજુમાં જ ગીતા મંદિર અને ત્રિવેણી સંગમ આવેલા છે.,Gujarati,Temple,Somnath,Neutral
675,અમદાવાદથી સોમનાથ આવવા માટે રાતની બસ સરળતાથી મળી રહે છે.,Gujarati,Temple,Somnath,Neutral
676,પ્રસાદમાં મોહનથાળ અને લાડુ મળે છે.,Gujarati,Temple,Somnath,Neutral
677,મંદિર પાસે પાર્કિંગ માટે મોટી જગ્યા ફાળવવામાં આવી છે.,Gujarati,Temple,Somnath,Neutral
678,શ્રાવણ મહિનામાં દર્શનના સમયમાં થોડો ફેરફાર હોય છે.,Gujarati,Temple,Somnath,Neutral
679,અહીંયા ઓનલાઈન પૂજા બુક કરાવવાની પણ સુવિધા છે.,Gujarati,Temple,Somnath,Neutral
680,મંદિર પરિસરમાં પીવાના પાણી માટે કુલર મુકેલા છે.,Gujarati,Temple,Somnath,Neutral
681,"દરિયાકિનારે જવાની મનાઈ છે, ત્યાં દીવાલ બનાવી દેવામાં આવી છે.",Gujarati,Temple,Somnath,Neutral
682,સોમનાથ ટ્રસ્ટની પોતાની ઘણી ધર્મશાળાઓ છે જેમાં ઓનલાઈન બુકિંગ થઈ શકે છે.,Gujarati,Temple,Somnath,Neutral
683,આરતીના સમયે ભીડ બહુ હોય છે એટલે વહેલા પહોંચવું પડે છે.,Gujarati,Temple,Somnath,Neutral
684,વિઆઈપી દર્શન માટે અલગ લાઈન અને ટિકિટ છે.,Gujarati,Temple,Somnath,Neutral
685,શ્રાવણ મહિનામાં એટલી ભીડ હતી કે બે કલાક લાઈનમાં ઊભા રહેવું પડ્યું.,Gujarati,Temple,Somnath,Negative
686,"ક્લોક રૂમમાં સામાન મૂકવા માટે બહુ જ લાંબી લાઈન હતી, વ્યવસ્થા સુધારવાની જરૂર છે.",Gujarati,Temple,Somnath,Negative
687,બહારના ઓટો રિક્ષા વાળા પ્રવાસીઓને બહુ જ લૂંટે છે.,Gujarati,Temple,Somnath,Negative
688,મંદિરની બહાર રસ્તા પર બહુ જ કચરો અને ગંદકી જોવા મળી.,Gujarati,Temple,Somnath,Negative
689,"જૂતા મૂકવાની જગ્યાએ કોઈ ધ્યાન રાખવા વાળું નહોતું, મારા નવા શૂઝ ચોરાઈ ગયા.",Gujarati,Temple,Somnath,Negative
690,પીવાના પાણીના કુલર પાસે બહુ જ ગંદકી હતી અને પાણી પણ નહોતું આવતું.,Gujarati,Temple,Somnath,Negative
691,"ટ્રસ્ટની રૂમ બુક કરવી બહુ જ મુશ્કેલ છે, ક્યારેય ખાલી હોતી જ નથી.",Gujarati,Temple,Somnath,Negative
692,"લાઇટ એન્ડ સાઉન્ડ શો માં અવાજ બહુ ધીમો હતો, પાછળ બેઠેલાને કંઈ ના સંભળાયું.",Gujarati,Temple,Somnath,Negative
693,પ્રસાદ કાઉન્ટર પર છૂટા પૈસા માટે બહુ માથાકૂટ થઈ.,Gujarati,Temple,Somnath,Negative
694,"વિઆઈપી દર્શનના નામે લોકો પૈસા પડાવે છે, જે ખોટું છે.",Gujarati,Temple,Somnath,Negative
695,"બાથરૂમની હાલત બહુ જ ખરાબ હતી, પાણીની વ્યવસ્થા પણ નહોતી.",Gujarati,Temple,Somnath,Negative
696,"ગરમીમાં લાઈનમાં ઊભા રહેવા માટે કોઈ છાંયડો નહોતો, લોકો બેભાન થઈ જતા હતા.",Gujarati,Temple,Somnath,Negative
697,સ્થાનિક દુકાનદારો પૂજાના સામાન માટે ડબલ ભાવ લે છે.,Gujarati,Temple,Somnath,Negative
698,સુરક્ષા કર્મીઓનો વ્યવહાર ભક્તો સાથે બહુ જ ખરાબ અને તોછડો હતો.,Gujarati,Temple,Somnath,Negative
699,"પાર્કિંગમાં ગાડી મૂક્યા પછી મંદિર સુધી ચાલવું બહુ પડે છે, ખાસ કરીને વૃદ્ધો માટે.",Gujarati,Temple,Somnath,Negative
700,"દર્શનાર્થીઓને જલ્દી બહાર કાઢવા માટે સ્ટાફ ધક્કા મારે છે, શાંતિથી દર્શન પણ નથી થતા.",Gujarati,Temple,Somnath,Negative
701,સુરતનું સ્ટ્રીટ ફૂડ એટલે ખાણીપીણીના શોખીનો માટે સ્વર્ગ!,Gujarati,Street Food,Surat,Positive
702,ડુમસ રોડ પર મળતા ટામેટા ભજીયાનો સ્વાદ ક્યારેય ન ભુલાય એવો છે.,Gujarati,Street Food,Surat,Positive
703,"અહીંયા રાત્રે મોડે સુધી ખાવાની લારીઓ ખુલ્લી હોય છે, મજા આવી ગઈ.",Gujarati,Street Food,Surat,Positive
704,લોચો ખાવાની જે મજા સુરતમાં છે એ આખા ગુજરાતમાં ક્યાંય નથી.,Gujarati,Street Food,Surat,Positive
705,ચીઝ આલુપુરી અને કોકો પીવાની ખૂબ જ મજા આવી.,Gujarati,Street Food,Surat,Positive
706,ભાવ એકદમ વ્યાજબી છે અને ક્વોલિટી પણ બહુ મસ્ત હોય છે.,Gujarati,Street Food,Surat,Positive
707,"અમે પરિવાર સાથે રાત્રે ખાણીપીણી બજારમાં ગયા હતા, બહુ એન્જોય કર્યું.",Gujarati,Street Food,Surat,Positive
708,"સુરતની ઘારી અને સુરતી ખમણ તો વિશ્વવિખ્યાત છે, બહુ જ ટેસ્ટી હતા.",Gujarati,Street Food,Surat,Positive
709,અલગ અલગ પ્રકારના ઢોંસા જોઈને તો મોઢામાં પાણી આવી ગયું.,Gujarati,Street Food,Surat,Positive
710,"દરેક લારી વાળાનો સ્વભાવ બહુ સારો હતો, પ્રેમથી ખવડાવે છે.",Gujarati,Street Food,Surat,Positive
711,"ફાસ્ટ ફૂડથી લઈને દેશી ખાણું, બધું જ અહીંયા એક નંબર મળે છે.",Gujarati,Street Food,Surat,Positive
712,"અમે અઠવા ગેટ પાસે પાણીપુરી ખાધી, એકદમ તીખી અને મજેદાર!",Gujarati,Street Food,Surat,Positive
713,સુરતી ઊંધિયું તો શિયાળામાં ખાવાની અલગ જ મજા છે.,Gujarati,Street Food,Surat,Positive
714,કોલ્ડ કોકો સાથે આલુપુરીનું કોમ્બિનેશન બેસ્ટ છે.,Gujarati,Street Food,Surat,Positive
715,આખા સુરતમાં ખાણીપીણીની અઢળક વેરાયટીઓ જોવા મળે છે.,Gujarati,Street Food,Surat,Positive
716,સ્વાદ એવો કે પેટ ભરાય જાય પણ મન ના ભરાય.,Gujarati,Street Food,Surat,Positive
717,પીપલોદમાં ઘણી બધી ખાણીપીણીની લારીઓ અને રેસ્ટોરન્ટ છે.,Gujarati,Street Food,Surat,Neutral
718,સુરત રેલવે સ્ટેશન પાસે રાત્રે પણ ફૂડ સ્ટોલ ખુલ્લા રહે છે.,Gujarati,Street Food,Surat,Neutral
719,લોચો સામાન્ય રીતે સવારના નાસ્તામાં ખવાય છે.,Gujarati,Street Food,Surat,Neutral
720,મોટાભાગની લારીઓ પર UPI પેમેન્ટ સ્વીકારવામાં આવે છે.,Gujarati,Street Food,Surat,Neutral
721,શનિવાર અને રવિવારે ખાણીપીણી બજારમાં ભારે ભીડ જોવા મળે છે.,Gujarati,Street Food,Surat,Neutral
722,તમે સુરતમાં ચાની સાથે ખારી અને બિસ્કિટ પણ ખાઈ શકો છો.,Gujarati,Street Food,Surat,Neutral
723,કોલ્ડ કોકો એક જાતનું ચોકલેટ મિલ્કશેક જેવું પીણું છે.,Gujarati,Street Food,Surat,Neutral
724,અમુક લારીઓ પર બેસવા માટે પ્લાસ્ટિકની ખુરશીઓ ગોઠવેલી હોય છે.,Gujarati,Street Food,Surat,Neutral
725,સુરતના લોકો રાત્રે મોડા જમવા નીકળવા માટે જાણીતા છે.,Gujarati,Street Food,Surat,Neutral
726,અહીંયા મેગીના પણ 50 થી વધુ પ્રકાર જોવા મળે છે.,Gujarati,Street Food,Surat,Neutral
727,ડુમસ બીચ પાસે રવિવારે ઘણા બધા ભજીયા વાળા ઊભા હોય છે.,Gujarati,Street Food,Surat,Neutral
728,ખાણીપીણીની અમુક પ્રખ્યાત જગ્યાઓ શહેરના જૂના વિસ્તારમાં છે.,Gujarati,Street Food,Surat,Neutral
729,અલગ અલગ વિસ્તાર પ્રમાણે ફૂડ માર્કેટ ભરાય છે.,Gujarati,Street Food,Surat,Neutral
730,સુરતી લોચાની કિંમત 30 રૂપિયાથી લઈને 100 રૂપિયા સુધી હોય છે.,Gujarati,Street Food,Surat,Neutral
731,ચીઝ અને બટરનો ઉપયોગ સુરતના સ્ટ્રીટ ફૂડમાં ખૂબ થાય છે.,Gujarati,Street Food,Surat,Neutral
732,લારી વાળાની આસપાસ ઊભા રહીને જ ખાવું પડે છે.,Gujarati,Street Food,Surat,Neutral
733,અમુક જગ્યાએ પાણી જાતે લેવાનું હોય છે.,Gujarati,Street Food,Surat,Neutral
734,લારીઓ પાસે એટલી ગંદકી હોય છે કે ખાવાનું મન જ મરી જાય છે.,Gujarati,Street Food,Surat,Negative
735,"લોચામાં ખાલી તેલ અને ચીઝ જ હતું, કોઈ સ્વાદ નહોતો.",Gujarati,Street Food,Surat,Negative
736,"ખૂબ જ મોંઘુ છે, લારી પર ખાતા હોઈએ એવું લાગતું જ નથી.",Gujarati,Street Food,Surat,Negative
737,રાત્રે એટલો ટ્રાફિક અને ભીડ હોય છે કે શાંતિથી ઊભા પણ નથી રહેવાતું.,Gujarati,Street Food,Surat,Negative
738,"પાણીપુરીનું પાણી બહુ જ ખરાબ હતું, બીજે દિવસે પેટમાં દુખવા લાગ્યું.",Gujarati,Street Food,Surat,Negative
739,"પ્લેટ બરાબર સાફ નહોતી કરી, હાઈજીન જેવું કંઈ છે જ નહિ.",Gujarati,Street Food,Surat,Negative
740,સોશિયલ મીડિયા પર જોઈને ગયા હતા પણ સાવ બકવાસ ટેસ્ટ હતો.,Gujarati,Street Food,Surat,Negative
741,"લારી વાળાનો વ્યવહાર બહુ ખરાબ હતો, જાણે મફતમાં ખવડાવતા હોય.",Gujarati,Street Food,Surat,Negative
742,"કોલ્ડ કોકોમાં ખાલી બરફ જ નાખેલો હતો, ચોકલેટનો તો કોઈ સ્વાદ જ નહિ.",Gujarati,Street Food,Surat,Negative
743,અહીંયા વાહન પાર્ક કરવા માટે કલાકો સુધી જગ્યા નથી મળતી.,Gujarati,Street Food,Surat,Negative
744,ભાવ પ્રમાણે ક્વોન્ટિટી બહુ જ ઓછી આપે છે.,Gujarati,Street Food,Surat,Negative
745,બાજુમાં જ કચરાપેટી હતી એમાંથી બહુ જ ખરાબ વાસ આવતી હતી.,Gujarati,Street Food,Surat,Negative
746,ચીઝના નામે લોકોના સ્વાસ્થ્ય સાથે ચેડાં થઈ રહ્યા છે.,Gujarati,Street Food,Surat,Negative
747,વધેલું અને વાસી ખાવાનું પકડાવી દીધું હતું.,Gujarati,Street Food,Surat,Negative
748,"ખાવા માટે બહુ લાંબુ વેઇટિંગ હતું, ફાસ્ટ ફૂડના નામે ટાઈમ વેસ્ટ છે.",Gujarati,Street Food,Surat,Negative
749,મેગીમાં એટલો મસાલો નાખ્યો હતો કે ખાઈ જ ના શકાય.,Gujarati,Street Food,Surat,Negative
750,"માખીઓ બહુ જ બણબણતી હતી, બીમારીનો ડર લાગે એવું વાતાવરણ હતું.",Gujarati,Street Food,Surat,Negative
751,રેસ્ટોરન્ટનું વાતાવરણ ખૂબ જ સુંદર અને શાંત હતું.,Gujarati,Restaurant,Vadodara,Positive
752,અહીંની પંજાબી થાળીનો સ્વાદ ખરેખર અદભુત હતો.,Gujarati,Restaurant,Vadodara,Positive
753,સ્ટાફનો વ્યવહાર બહુ જ વિનમ્ર અને સારો હતો.,Gujarati,Restaurant,Vadodara,Positive
754,જમવાનું એકદમ ગરમ અને તાજું પીરસવામાં આવ્યું હતું.,Gujarati,Restaurant,Vadodara,Positive
755,પરિવાર સાથે ડિનર માટે આ એક બેસ્ટ રેસ્ટોરન્ટ છે.,Gujarati,Restaurant,Vadodara,Positive
756,ટેબલ પર અગાઉથી બુકિંગ કરાવ્યું હતું એટલે જરાય રાહ જોવી ના પડી.,Gujarati,Restaurant,Vadodara,Positive
757,લાઇવ મ્યુઝિકના કારણે જમવાની મજા બમણી થઈ ગઈ.,Gujarati,Restaurant,Vadodara,Positive
758,ઇન્ટિરિયર ડેકોરેશન બહુ જ આકર્ષક અને ફોટો પાડવા માટે મસ્ત છે.,Gujarati,Restaurant,Vadodara,Positive
759,"સૂપ અને સ્ટાર્ટર બહુ જ સ્વાદિષ્ટ હતા, મજા આવી ગઈ.",Gujarati,Restaurant,Vadodara,Positive
760,"મેનેજરે જાતે આવીને પૂછ્યું કે ખાવાનું કેવું લાગ્યું, બહુ સારું લાગ્યું.",Gujarati,Restaurant,Vadodara,Positive
761,"બિલકુલ ઘર જેવો સ્વાદ, તેલ અને મસાલા એકદમ માપસર હતા.",Gujarati,Restaurant,Vadodara,Positive
762,બાળકો માટે અલગથી ચાઇલ્ડ સીટ આપવામાં આવી હતી.,Gujarati,Restaurant,Vadodara,Positive
763,છાસ અને પાપડ ફ્રી માં આપ્યા જે સારી વસ્તુ છે.,Gujarati,Restaurant,Vadodara,Positive
764,મીઠાઈમાં ગુલાબ જાંબુ તો મોઢામાં મુકતા જ ઓગળી ગયા.,Gujarati,Restaurant,Vadodara,Positive
765,અહીંયા વારંવાર આવવાનું મન થાય એવી સારી સર્વિસ છે.,Gujarati,Restaurant,Vadodara,Positive
766,રેસ્ટોરન્ટની સફાઈ અને હાઈજીન લેવલ એકદમ ઉચ્ચ કક્ષાનું છે.,Gujarati,Restaurant,Vadodara,Positive
767,"પૈસા વસૂલ જગ્યા, કોલિટી અને કોન્ટીટી બંને ઉત્તમ.",Gujarati,Restaurant,Vadodara,Positive
768,આ રેસ્ટોરન્ટ અલકાપુરી વિસ્તારમાં આવેલી છે.,Gujarati,Restaurant,Vadodara,Neutral
769,અહીંયા ગુજરાતી અને પંજાબી બંને પ્રકારનું ભોજન મળે છે.,Gujarati,Restaurant,Vadodara,Neutral
770,રેસ્ટોરન્ટ બપોરે 12 થી 3 અને સાંજે 7 થી 11 ખુલ્લી રહે છે.,Gujarati,Restaurant,Vadodara,Neutral
771,પાર્કિંગ માટે બેઝમેન્ટમાં જગ્યા આપેલી છે.,Gujarati,Restaurant,Vadodara,Neutral
772,રવિવારે ટેબલ બુક કરાવવું હિતાવહ છે.,Gujarati,Restaurant,Vadodara,Neutral
773,અહીંયા કાર્ડ અને ઓનલાઈન પેમેન્ટ સ્વીકારવામાં આવે છે.,Gujarati,Restaurant,Vadodara,Neutral
774,રેસ્ટોરન્ટમાં અંદર બેસવાની ક્ષમતા લગભગ સો લોકોની છે.,Gujarati,Restaurant,Vadodara,Neutral
775,જૈન ભોજન પણ અગાઉથી ઓર્ડર આપવાથી મળી રહે છે.,Gujarati,Restaurant,Vadodara,Neutral
776,આ મેન્યુમાં ચાઈનીઝ વાનગીઓ પણ ઉપલબ્ધ છે.,Gujarati,Restaurant,Vadodara,Neutral
777,હોમ ડિલિવરી માટે સ્વિગી અને ઝોમેટો પર પણ આ રેસ્ટોરન્ટ છે.,Gujarati,Restaurant,Vadodara,Neutral
778,રેસ્ટોરન્ટની બહાર વેઇટિંગ માટે ખુરશીઓ મૂકેલી છે.,Gujarati,Restaurant,Vadodara,Neutral
779,સોમવારે આ રેસ્ટોરન્ટ બંધ રહે છે.,Gujarati,Restaurant,Vadodara,Neutral
780,અહીંનું એડ્રેસ ગુગલ મેપ પર સરળતાથી મળી જાય છે.,Gujarati,Restaurant,Vadodara,Neutral
781,સિંગલ વ્યક્તિ માટે નાની થાળીનો વિકલ્પ પણ છે.,Gujarati,Restaurant,Vadodara,Neutral
782,તહેવારોના સમયે મેન્યુમાં અમુક ખાસ વાનગીઓ ઉમેરવામાં આવે છે.,Gujarati,Restaurant,Vadodara,Neutral
783,પાણીની બોટલ માટે અલગથી ચાર્જ લેવામાં આવે છે.,Gujarati,Restaurant,Vadodara,Neutral
784,જમવામાં બિલકુલ સ્વાદ નહોતો અને બધું જ વાસી લાગતું હતું.,Gujarati,Restaurant,Vadodara,Negative
785,ઓર્ડર આપ્યા પછી પોણો કલાક સુધી ખાવાનું ના આવ્યું.,Gujarati,Restaurant,Vadodara,Negative
786,"વેઇટરનો વ્યવહાર બહુ ખરાબ હતો, જાણે ગુસ્સામાં હોય એમ જવાબ આપતા હતા.",Gujarati,Restaurant,Vadodara,Negative
787,પનીરના શાકમાં પનીર કરતા ડુંગળી વધારે હતી.,Gujarati,Restaurant,Vadodara,Negative
788,ટેબલ બરાબર સાફ નહોતું કર્યું અને પ્લેટ પણ ગંદી હતી.,Gujarati,Restaurant,Vadodara,Negative
789,ભાવ પ્રમાણે ખાવાની કોન્ટીટી સાવ ઓછી આપી.,Gujarati,Restaurant,Vadodara,Negative
790,સૂપ એકદમ ઠંડો અને મીઠા વગરનો હતો.,Gujarati,Restaurant,Vadodara,Negative
791,એસી બરાબર કામ નહોતું કરતું એટલે જમતી વખતે પરસેવો થતો હતો.,Gujarati,Restaurant,Vadodara,Negative
792,મેન્યુમાં બતાવેલી અડધી વસ્તુઓ તો હાજર જ નહોતી.,Gujarati,Restaurant,Vadodara,Negative
793,રોટલી સાવ કડક અને ચાવી ના શકાય એવી હતી.,Gujarati,Restaurant,Vadodara,Negative
794,અંદર એટલો અવાજ હતો કે શાંતિથી વાત પણ નહોતી થતી.,Gujarati,Restaurant,Vadodara,Negative
795,બિલમાં જે વસ્તુ નથી ખાધી એના પણ પૈસા લગાવી દીધા હતા.,Gujarati,Restaurant,Vadodara,Negative
796,વોશરૂમની હાલત પબ્લિક ટોયલેટ કરતા પણ ખરાબ હતી.,Gujarati,Restaurant,Vadodara,Negative
797,ખાવામાંથી વાળ નીકળ્યો અને ફરિયાદ કરી તો કોઈએ માફી પણ ના માંગી.,Gujarati,Restaurant,Vadodara,Negative
798,"ભૂલથી પણ અહીંયા ના જતા, પૈસા અને સમય બંનેની બરબાદી છે.",Gujarati,Restaurant,Vadodara,Negative
799,પાર્કિંગ વાળાએ ગાડી બીજી ગાડી સાથે ભટકાડી દીધી.,Gujarati,Restaurant,Vadodara,Negative
800,સ્ટાર્ટર અને મેઈન કોર્સ એકસાથે જ લાવીને મૂકી દીધું.,Gujarati,Restaurant,Vadodara,Negative
801,પાલીતાણા જૈન મંદિરોના દર્શન કરીને મન ધન્ય થઈ ગયું.,Gujarati,Pilgrimage Site,Palitana,Positive
802,ડુંગર ચઢવાની થોડી મહેનત પડી પણ ઉપર પહોંચ્યા પછીનો નજારો અદભુત હતો.,Gujarati,Pilgrimage Site,Palitana,Positive
803,બધા જ મંદિરોની કોતરણી અને શિલ્પકળા ખૂબ જ બેનમૂન છે.,Gujarati,Pilgrimage Site,Palitana,Positive
804,અહીંયા જે શાંતિનો અનુભવ થાય છે એ બીજે ક્યાંય નથી મળતો.,Gujarati,Pilgrimage Site,Palitana,Positive
805,રસ્તામાં બેસવા માટે છાંયડાની સારી વ્યવસ્થા કરવામાં આવી છે.,Gujarati,Pilgrimage Site,Palitana,Positive
806,પીવાના પાણીની પરબ ઠેર ઠેર જોવા મળે છે જે પદયાત્રીઓ માટે આશીર્વાદરૂપ છે.,Gujarati,Pilgrimage Site,Palitana,Positive
807,વૃદ્ધો માટે ડોલીની સગવડ બહુ જ સારી અને વ્યાજબી છે.,Gujarati,Pilgrimage Site,Palitana,Positive
808,સવારના વહેલા પહોરમાં અહીંથી સૂર્યોદય જોવો એ એક અલૌકિક અનુભવ છે.,Gujarati,Pilgrimage Site,Palitana,Positive
809,આખા પર્વત પર એટલી બધી સ્વચ્છતા છે કે ક્યાંય કચરો જોવા ના મળે.,Gujarati,Pilgrimage Site,Palitana,Positive
810,જૈન ધર્મના ઇતિહાસ વિશે અહીંથી ઘણું બધું જાણવા મળ્યું.,Gujarati,Pilgrimage Site,Palitana,Positive
811,ભોજનશાળામાં મળતું સાત્વિક ભોજન પણ બહુ જ સ્વાદિષ્ટ હોય છે.,Gujarati,Pilgrimage Site,Palitana,Positive
812,મંદિરના ટ્રસ્ટનું સંચાલન ખૂબ જ પ્રશંસનીય છે.,Gujarati,Pilgrimage Site,Palitana,Positive
813,"આટલા બધા પગથિયાં ચઢ્યા પછી પણ થાક નથી લાગતો, એવી અહીંની દિવ્યતા છે.",Gujarati,Pilgrimage Site,Palitana,Positive
814,મારા પરિવાર સાથે અહીંયા દર્શન કરીને ખૂબ આનંદ મળ્યો.,Gujarati,Pilgrimage Site,Palitana,Positive
815,ગાઈડ દ્વારા મંદિરોનો ઈતિહાસ સરસ રીતે સમજાવવામાં આવ્યો.,Gujarati,Pilgrimage Site,Palitana,Positive
816,અહીંના વાતાવરણમાં એક અલગ જ પ્રકારની આધ્યાત્મિક ઊર્જા છે.,Gujarati,Pilgrimage Site,Palitana,Positive
817,જીવનમાં એક વાર તો પાલીતાણાની યાત્રા કરવી જ જોઈએ.,Gujarati,Pilgrimage Site,Palitana,Positive
818,પાલીતાણા શત્રુંજય પર્વત પર આવેલું જૈનોનું પવિત્ર તીર્થધામ છે.,Gujarati,Pilgrimage Site,Palitana,Neutral
819,ઉપર પહોંચવા માટે લગભગ 3500 થી વધુ પગથિયાં ચઢવા પડે છે.,Gujarati,Pilgrimage Site,Palitana,Neutral
820,અહીંયા ચામડાની વસ્તુઓ અને ખાવાપીવાની વસ્તુઓ લઈ જવા પર મનાઈ છે.,Gujarati,Pilgrimage Site,Palitana,Neutral
821,યાત્રાની શરૂઆત સવારે વહેલા કરવી વધુ હિતાવહ છે જેથી તડકો ના લાગે.,Gujarati,Pilgrimage Site,Palitana,Neutral
822,ભાવનગરથી પાલીતાણા જવા માટે લોકલ બસ સરળતાથી મળી રહે છે.,Gujarati,Pilgrimage Site,Palitana,Neutral
823,પર્વત પર લગભગ 800 થી વધુ નાના-મોટા મંદિરો આવેલા છે.,Gujarati,Pilgrimage Site,Palitana,Neutral
824,નીચે તળેટીમાં ઘણી બધી ધર્મશાળાઓ રોકાવા માટે ઉપલબ્ધ છે.,Gujarati,Pilgrimage Site,Palitana,Neutral
825,સાંજે સૂર્યાસ્ત પહેલા બધાએ પર્વત પરથી નીચે ઉતરી જવાનું હોય છે.,Gujarati,Pilgrimage Site,Palitana,Neutral
826,ડોલી વાળા નક્કી કરેલા ભાવ પ્રમાણે જ પૈસા લે છે.,Gujarati,Pilgrimage Site,Palitana,Neutral
827,ચોમાસામાં ચાર મહિના માટે આ યાત્રા બંધ રાખવામાં આવે છે.,Gujarati,Pilgrimage Site,Palitana,Neutral
828,મુખ્ય મંદિર ભગવાન ઋષભદેવનું છે.,Gujarati,Pilgrimage Site,Palitana,Neutral
829,તળેટીથી મુખ્ય મંદિર સુધી પહોંચતા સામાન્ય રીતે બે કલાક લાગે છે.,Gujarati,Pilgrimage Site,Palitana,Neutral
830,રસ્તામાં અમુક અંતરે શૌચાલયની સુવિધા પણ છે.,Gujarati,Pilgrimage Site,Palitana,Neutral
831,અહીંયા આવવા માટે ટ્રેનની સુવિધા પણ ઉપલબ્ધ છે.,Gujarati,Pilgrimage Site,Palitana,Neutral
832,ઘણા યાત્રિકો ઉઘાડા પગે પર્વત ચઢવાનું પસંદ કરે છે.,Gujarati,Pilgrimage Site,Palitana,Neutral
833,અમે સવારે છ વાગ્યે ચઢાણ શરૂ કર્યું અને દસ વાગ્યે નીચે આવી ગયા.,Gujarati,Pilgrimage Site,Palitana,Neutral
834,તળેટીમાં લાકડીઓ ભાડેથી મળે છે જે ચઢવામાં મદદરૂપ થાય છે.,Gujarati,Pilgrimage Site,Palitana,Neutral
835,બપોરના સમયે તડકાના લીધે પગથિયાં બહુ ગરમ થઈ ગયા હતા એટલે ચાલવામાં તકલીફ પડી.,Gujarati,Pilgrimage Site,Palitana,Negative
836,ભીડ એટલી બધી હતી કે દર્શન કરવા માટે બે કલાક લાઈનમાં ઊભા રહેવું પડ્યું.,Gujarati,Pilgrimage Site,Palitana,Negative
837,અમુક લોકો રસ્તામાં પાન-મસાલા ખાઈને થૂંકતા હતા જે બહુ જ ખરાબ કહેવાય.,Gujarati,Pilgrimage Site,Palitana,Negative
838,ડોલી વાળા નક્કી કરેલા ભાવ કરતા વધુ પૈસા માંગતા હતા.,Gujarati,Pilgrimage Site,Palitana,Negative
839,નીચે અમુક ધર્મશાળાઓમાં સફાઈ બિલકુલ નહોતી.,Gujarati,Pilgrimage Site,Palitana,Negative
840,"રસ્તામાં વાંદરાઓનો બહુ ત્રાસ છે, હાથમાંથી વસ્તુઓ ઝુંટવી લે છે.",Gujarati,Pilgrimage Site,Palitana,Negative
841,પાણીની અમુક પરબ પર ગ્લાસ નહોતા એટલે હાથેથી પાણી પીવું પડ્યું.,Gujarati,Pilgrimage Site,Palitana,Negative
842,શૌચાલયમાં બહુ જ દુર્ગંધ આવતી હતી અને પાણી નહોતું.,Gujarati,Pilgrimage Site,Palitana,Negative
843,વૃદ્ધો માટે ઈમરજન્સી મેડિકલ સુવિધા પર્વત પર પૂરતી નથી.,Gujarati,Pilgrimage Site,Palitana,Negative
844,તળેટી પાસે ટ્રાફિક જામની સમસ્યા બહુ રહે છે.,Gujarati,Pilgrimage Site,Palitana,Negative
845,અમુક દુકાનદારો યાત્રાળુઓ પાસેથી પાણીની બોટલના ડબલ ભાવ વસૂલે છે.,Gujarati,Pilgrimage Site,Palitana,Negative
846,મંદિરના રક્ષકોનો અમુક યાત્રાળુઓ સાથેનો વ્યવહાર બહુ તોછડો હતો.,Gujarati,Pilgrimage Site,Palitana,Negative
847,માહિતી આપવા માટે કોઈ સ્પષ્ટ સાઇન બોર્ડ નથી એટલે નવા લોકોને તકલીફ પડે છે.,Gujarati,Pilgrimage Site,Palitana,Negative
848,પગથિયાં અમુક જગ્યાએ તૂટેલા છે જેના લીધે વાગી જવાનો ડર રહે છે.,Gujarati,Pilgrimage Site,Palitana,Negative
849,ચઢતી વખતે બેસવા માટે પૂરતા છાંયડાની વ્યવસ્થા નથી.,Gujarati,Pilgrimage Site,Palitana,Negative
850,"તળેટીમાં પાર્કિંગની કોઈ યોગ્ય વ્યવસ્થા નથી, જ્યાં ત્યાં વાહન પાર્ક કરેલા હોય છે.",Gujarati,Pilgrimage Site,Palitana,Negative
851,રાજકોટની આ હોટલમાં રોકાવાનો મારો અનુભવ ખૂબ જ સારો રહ્યો.,Gujarati,Hotel,Rajkot,Positive
852,"રૂમ એકદમ મોટા અને હવાદાર હતા, સફાઈ પણ ઉત્તમ હતી.",Gujarati,Hotel,Rajkot,Positive
853,સવારનો નાસ્તો એકદમ કાઠિયાવાડી સ્ટાઈલનો અને ટેસ્ટી હતો.,Gujarati,Hotel,Rajkot,Positive
854,"હોટલનો સ્ટાફ બહુ જ મદદગાર છે, નાની નાની વસ્તુઓનું પણ ધ્યાન રાખે છે.",Gujarati,Hotel,Rajkot,Positive
855,બિઝનેસ મીટિંગ માટે આ હોટલનું લોકેશન એકદમ પરફેક્ટ છે.,Gujarati,Hotel,Rajkot,Positive
856,ચેક-ઇન અને ચેક-આઉટ પ્રોસેસ એકદમ સ્મૂથ અને ઝડપી હતી.,Gujarati,Hotel,Rajkot,Positive
857,"પલંગ બહુ જ કમ્ફર્ટેબલ હતો, સારી ઊંઘ આવી.",Gujarati,Hotel,Rajkot,Positive
858,ફ્રી વાઇફાઇની સ્પીડ પણ બહુ સારી મળતી હતી.,Gujarati,Hotel,Rajkot,Positive
859,બાથરૂમમાં શાવર અને ગરમ પાણીની સુવિધા સારી હતી.,Gujarati,Hotel,Rajkot,Positive
860,રૂમ સર્વિસ વાળા એક જ કોલ પર હાજર થઈ જતા હતા.,Gujarati,Hotel,Rajkot,Positive
861,ફેમિલી સાથે રોકાવા માટે હું આ હોટલ જરૂર સજેસ્ટ કરીશ.,Gujarati,Hotel,Rajkot,Positive
862,હોટલની સજાવટ અને એમ્બિયન્સ બહુ જ આકર્ષક છે.,Gujarati,Hotel,Rajkot,Positive
863,ઓછા બજેટમાં આટલી પ્રીમિયમ સુવિધાઓ રાજકોટમાં બીજે ક્યાંય નહિ મળે.,Gujarati,Hotel,Rajkot,Positive
864,"સિક્યુરિટી ગાર્ડ પણ હસીને આવકાર આપતા હતા, બહુ સારું લાગ્યું.",Gujarati,Hotel,Rajkot,Positive
865,મેનેજમેન્ટ ખૂબ જ પ્રોફેશનલ છે.,Gujarati,Hotel,Rajkot,Positive
866,હોટલના રેસ્ટોરન્ટમાં પણ રાતનું ડિનર સરસ હતું.,Gujarati,Hotel,Rajkot,Positive
867,રાજકોટમાં રોકાવા માટે આ હોટલ બેસ્ટ છે.,Gujarati,Hotel,Rajkot,Positive
868,આ હોટલ યાજ્ઞિક રોડ પર આવેલી છે.,Gujarati,Hotel,Rajkot,Neutral
869,બસ સ્ટેન્ડથી હોટલ સુધી પહોંચવામાં 10 મિનિટ લાગે છે.,Gujarati,Hotel,Rajkot,Neutral
870,અહીંયા સ્ટાન્ડર્ડ અને ડીલક્સ એમ બે પ્રકારના રૂમ ઉપલબ્ધ છે.,Gujarati,Hotel,Rajkot,Neutral
871,બુકિંગ ઓનલાઈન પોર્ટલ દ્વારા પણ કરી શકાય છે.,Gujarati,Hotel,Rajkot,Neutral
872,હોટલમાં પાર્કિંગની વ્યવસ્થા પાછળની બાજુ છે.,Gujarati,Hotel,Rajkot,Neutral
873,રૂમની કિંમત સીઝન પ્રમાણે બદલાતી રહે છે.,Gujarati,Hotel,Rajkot,Neutral
874,અહીંયા માત્ર શાકાહારી ભોજન જ પીરસવામાં આવે છે.,Gujarati,Hotel,Rajkot,Neutral
875,ચેક-ઇન ટાઈમ બપોરે 12 વાગ્યાનો છે.,Gujarati,Hotel,Rajkot,Neutral
876,રૂમમાં ચા કોફી મેકર અને મિનરલ વોટરની બોટલ આપવામાં આવે છે.,Gujarati,Hotel,Rajkot,Neutral
877,એક્સ્ટ્રા મેટ્રેસ માટે 500 રૂપિયાનો ચાર્જ છે.,Gujarati,Hotel,Rajkot,Neutral
878,લિફ્ટની સુવિધા દરેક માળ માટે છે.,Gujarati,Hotel,Rajkot,Neutral
879,અહીંયાથી રેસકોર્સ ગ્રાઉન્ડ બે કિલોમીટર દૂર છે.,Gujarati,Hotel,Rajkot,Neutral
880,ફ્રન્ટ ડેસ્ક 24 કલાક ચાલુ રહે છે.,Gujarati,Hotel,Rajkot,Neutral
881,લોન્ડ્રી સર્વિસ માટે અલગથી પેમેન્ટ કરવાનું હોય છે.,Gujarati,Hotel,Rajkot,Neutral
882,અમે બે દિવસ માટે આ હોટલમાં રોકાયા હતા.,Gujarati,Hotel,Rajkot,Neutral
883,રૂમમાં ટીવી છે પણ અમુક જ ચેનલો આવે છે.,Gujarati,Hotel,Rajkot,Neutral
884,રૂમમાંથી રોડ સાઈડનો વ્યુ જોવા મળે છે.,Gujarati,Hotel,Rajkot,Neutral
885,રૂમમાં બહુ જ ખરાબ વાસ આવતી હતી અને વેન્ટિલેશન બરાબર નહોતું.,Gujarati,Hotel,Rajkot,Negative
886,એસી કામ નહોતું કરતું અને ફરિયાદ કર્યા પછી પણ કોઈ રિપેર કરવા ના આવ્યું.,Gujarati,Hotel,Rajkot,Negative
887,પલંગની ચાદર સાવ મેલી હતી અને ડાઘા વાળી હતી.,Gujarati,Hotel,Rajkot,Negative
888,બાથરૂમમાં નળમાંથી પાણી ટપકતું હતું જેના લીધે રાત્રે ઊંઘ ના આવી.,Gujarati,Hotel,Rajkot,Negative
889,મેનેજરનો વ્યવહાર બહુ જ ખરાબ અને અપમાનજનક હતો.,Gujarati,Hotel,Rajkot,Negative
890,નાસ્તામાં બ્રેડ વાસી હતી અને ચા પણ સાવ ઠંડી હતી.,Gujarati,Hotel,Rajkot,Negative
891,ફોટામાં રૂમ મોટા દેખાતા હતા પણ હકીકતમાં સાવ નાના હતા.,Gujarati,Hotel,Rajkot,Negative
892,લિફ્ટ બગડેલી હતી અને અમારે સામાન લઈને ચોથા માળ સુધી ચઢવું પડ્યું.,Gujarati,Hotel,Rajkot,Negative
893,"રાત્રે બાજુના રૂમમાંથી બહુ અવાજ આવતો હતો, દિવાલો સાવ પાતળી છે.",Gujarati,Hotel,Rajkot,Negative
894,રૂમ સર્વિસ વાળાએ કોફી લાવવામાં એક કલાક લગાડી દીધો.,Gujarati,Hotel,Rajkot,Negative
895,"ફ્રી વાઇફાઇ બિલકુલ ચાલતું નહોતું, ખાલી નામનું જ હતું.",Gujarati,Hotel,Rajkot,Negative
896,હોટલની આસપાસ બહુ ગંદકી છે અને મચ્છરનો ત્રાસ છે.,Gujarati,Hotel,Rajkot,Negative
897,ચેક-આઉટ વખતે ખોટા ચાર્જ લગાવીને બિલ મોટું બનાવી દીધું.,Gujarati,Hotel,Rajkot,Negative
898,ટીવી ચાલુ જ નહોતું થતું અને રિમોટના સેલ પણ પૂરા થઈ ગયા હતા.,Gujarati,Hotel,Rajkot,Negative
899,બાથરૂમમાં સાબુ અને શેમ્પૂ પણ નહોતા આપ્યા.,Gujarati,Hotel,Rajkot,Negative
900,"સાવ થર્ડ ક્લાસ હોટલ છે, કોઈએ પણ અહીંયા ભૂલથી પણ રોકાવું નહિ.",Gujarati,Hotel,Rajkot,Negative
901,Peaceful and moving. Spent two hours at the ashram and didn't feel the time pass.,English,Tourist Attractions,Sabarmati Ashram,Positive
902,"The carvings at Rani ki Vav are unbelievable, every pillar tells a story. Totally worth the ticket.",English,Tourist Attractions,Rani ki Vav,Positive
903,Adalaj Stepwell stays surprisingly cool even in the afternoon heat. Loved the architecture!,English,Tourist Attractions,Adalaj Stepwell,Positive
904,"Great audio guide, learned so much about Gandhiji's life here 👏",English,Tourist Attractions,Sabarmati Ashram,Positive
905,"Clean grounds, helpful staff and a lovely riverside walk behind the ashram.",English,Tourist Attractions,Sabarmati Ashram,Positive
906,Went at sunrise and the light on the stepwell walls was simply magical.,English,Tourist Attractions,Adalaj Stepwell,Positive
907,Brought my parents here and they loved the spinning wheel demo. Everything is well maintained.,English,Tourist Attractions,Sabarmati Ashram,Positive
908,Best 40 rupees I spent in Patan. Photography heaven.,English,Tourist Attractions,Rani ki Vav,Positive
909,"Quiet, spiritual and uncrowded on a weekday.",English,Tourist Attractions,Sabarmati Ashram,Positive
910,The guide at Rani ki Vav explained every panel patiently and even pointed out hidden details we would have missed. Fantastic experience!!,English,Tourist Attractions,Rani ki Vav,Positive
911,Kids enjoyed running around the open courtyard while we read the quotes on the walls.,English,Tourist Attractions,Sabarmati Ashram,Positive
912,"Small museum but very well curated, the old photographs are priceless.",English,Tourist Attractions,Sabarmati Ashram,Positive
913,Honestly one of the most underrated monuments in Gujarat.,English,Tourist Attractions,Rani ki Vav,Positive
914,"The stepwell is so cool inside, a perfect break from the summer sun.",English,Tourist Attractions,Adalaj Stepwell,Positive
915,"Lovely lawns, clean washrooms, and I felt completely safe as a solo traveller.",English,Tourist Attractions,Adalaj Stepwell,Positive
916,"Nice place, definitely worth a visit.",English,Tourist Attractions,Adalaj Stepwell,Positive
917,"Absolutely stunning, my phone gallery is full of pictures from Rani ki Vav 😍",English,Tourist Attractions,Rani ki Vav,Positive
918,Sabarmati Ashram is open from 8:30 AM to 6:30 PM and entry is free.,English,Tourist Attractions,Sabarmati Ashram,Neutral
919,"Rani ki Vav is a UNESCO World Heritage site, roughly two kilometres from Patan bus stand.",English,Tourist Attractions,Rani ki Vav,Neutral
920,Adalaj Stepwell is around 18 km from Ahmedabad and you can reach it by auto or cab.,English,Tourist Attractions,Adalaj Stepwell,Neutral
921,Photography is allowed but tripods need separate permission at the counter.,English,Tourist Attractions,Rani ki Vav,Neutral
922,"Ticket for Indian visitors is 40 rupees, foreigners pay more. The cloakroom is near the gate.",English,Tourist Attractions,Rani ki Vav,Neutral
923,"The ashram has a museum, a prayer ground and a small bookshop. It takes about one to two hours to see everything.",English,Tourist Attractions,Sabarmati Ashram,Neutral
924,Visited on a Sunday. There was some crowd but we got in without a long wait.,English,Tourist Attractions,Adalaj Stepwell,Neutral
925,The stepwell was built in 1499 and has five storeys with carved pillars.,English,Tourist Attractions,Adalaj Stepwell,Neutral
926,Parking is available outside and a small fee is charged for cars and two-wheelers.,English,Tourist Attractions,Sabarmati Ashram,Neutral
927,"Nothing special, just an old structure. Fine for a quick stop if you are already nearby.",English,Tourist Attractions,Adalaj Stepwell,Neutral
928,Guided tours are available in Hindi and English. There was no Gujarati-speaking guide when we went.,English,Tourist Attractions,Rani ki Vav,Neutral
929,The notice board at the gate was faded so I am not sure about the weekly off day.,English,Tourist Attractions,Rani ki Vav,Neutral
930,"Reached by 10 AM, took photos and left within an hour.",English,Tourist Attractions,Adalaj Stepwell,Neutral
931,Autos from Ahmedabad railway station charge around 300 rupees one way.,English,Tourist Attractions,Adalaj Stepwell,Neutral
932,A few tourists were sitting inside the stepwell while others were taking photos.,English,Tourist Attractions,Adalaj Stepwell,Neutral
933,Free entry for children below five. Wheelchair access is limited to the ground level.,English,Tourist Attractions,Rani ki Vav,Neutral
934,"Too crowded on weekends, I couldn't take a single clean photo.",English,Tourist Attractions,Adalaj Stepwell,Negative
935,Washrooms were dirty and there was no water at all. Disappointing for a heritage site.,English,Tourist Attractions,Rani ki Vav,Negative
936,The ticket counter staff was rude and didn't even look up when we asked a question.,English,Tourist Attractions,Rani ki Vav,Negative
937,The audio guide kept stopping and the staff just shrugged.,English,Tourist Attractions,Sabarmati Ashram,Negative
938,Graffiti on some of the old walls. Really sad that nobody stops visitors from doing it.,English,Tourist Attractions,Adalaj Stepwell,Negative
939,Waited 40 minutes in the sun just to buy tickets. Poor management.,English,Tourist Attractions,Rani ki Vav,Negative
940,No drinking water and no shade near the entrance. Never again in summer.,English,Tourist Attractions,Adalaj Stepwell,Negative
941,Overpriced parking and the guide asked for extra money after the tour!!,English,Tourist Attractions,Sabarmati Ashram,Negative
942,Honestly overhyped. Nothing much to see after the first ten minutes.,English,Tourist Attractions,Adalaj Stepwell,Negative
943,Touts outside kept following us the whole time and ruined the mood.,English,Tourist Attractions,Sabarmati Ashram,Negative
944,"Very poor signboards, we got lost trying to find the entrance.",English,Tourist Attractions,Rani ki Vav,Negative
945,The place was littered with plastic bottles and snack wrappers. Shameful.,English,Tourist Attractions,Sabarmati Ashram,Negative
946,"Great, a heritage site with no seating and a broken fan in the office. Wonderful planning.",English,Tourist Attractions,Rani ki Vav,Negative
947,"Beautiful monument but the management is terrible, we were rushed out well before closing time.",English,Tourist Attractions,Adalaj Stepwell,Negative
948,"Security check was slow and chaotic, people were pushing each other in the queue.",English,Tourist Attractions,Sabarmati Ashram,Negative
949,Pigeons everywhere and a bad smell near the stairs.,English,Tourist Attractions,Adalaj Stepwell,Negative
950,Not worth the money. Half the area was closed for repair and nobody told us at the counter.,English,Tourist Attractions,Rani ki Vav,Negative
951,"Shivrajpur's water is crystal clear, I have not seen a cleaner beach in India. We stayed till sunset!",English,Beaches,Shivrajpur Beach,Positive
952,The black sand at Tithal looks dramatic in the evening and the breeze is perfect.,English,Beaches,Tithal Beach,Positive
953,Diu Beach was calm and not too crowded. Perfect for a lazy morning walk.,English,Beaches,Diu Beach,Positive
954,Kids spent four hours in the water and still did not want to leave 😄,English,Beaches,Shivrajpur Beach,Positive
955,Fresh coconut water at the stalls cost only 40 rupees and the vendor was super friendly.,English,Beaches,Tithal Beach,Positive
956,The sunset from Mandvi Beach was one of the best I've ever seen.,English,Beaches,Mandvi Beach,Positive
957,"Loved the camel ride along the shore, the handler was patient with my nervous mother.",English,Beaches,Mandvi Beach,Positive
958,"Clean sand, proper dustbins and lifeguards on duty. Felt very safe with my family.",English,Beaches,Shivrajpur Beach,Positive
959,Early morning at Diu is pure peace. Just waves and birds.,English,Beaches,Diu Beach,Positive
960,"Great for photos, great for relaxing, great for everything!!",English,Beaches,Mandvi Beach,Positive
961,Surprisingly well maintained for a public beach. The changing rooms were spotless.,English,Beaches,Shivrajpur Beach,Positive
962,"Snorkelling was a highlight, we saw so many colourful fish just a few metres from the shore.",English,Beaches,Shivrajpur Beach,Positive
963,Spent a quiet evening here with a book and a cup of chai. Pure bliss.,English,Beaches,Tithal Beach,Positive
964,The beach shacks serve fresh seafood and the prices are fair.,English,Beaches,Diu Beach,Positive
965,"Walked barefoot for an hour, so refreshing after a hectic week in the city.",English,Beaches,Tithal Beach,Positive
966,Wonderful family beach with lots of space for kids to play cricket.,English,Beaches,Mandvi Beach,Positive
967,"Gorgeous coastline, will definitely come back next winter.",English,Beaches,Diu Beach,Positive
968,Entry to Shivrajpur Beach is free but the water sports counter charges separately.,English,Beaches,Shivrajpur Beach,Neutral
969,Tithal Beach is about 5 km from Valsad railway station and local autos run regularly.,English,Beaches,Tithal Beach,Neutral
970,Swimming is not recommended near the red flag area according to the signboard.,English,Beaches,Shivrajpur Beach,Neutral
971,"Diu Beach is open all day, but lifeguards are present only until evening.",English,Beaches,Diu Beach,Neutral
972,"We reached around 4 PM, the tide was out and a lot of people were walking on the sand.",English,Beaches,Mandvi Beach,Neutral
973,"Parking is available near the entrance, bikes 20 rupees and cars 50.",English,Beaches,Mandvi Beach,Neutral
974,"The beach has a few food stalls selling bhajiya, corn and cold drinks.",English,Beaches,Tithal Beach,Neutral
975,"Best time to visit is between November and February, as per the local tourism board.",English,Beaches,Diu Beach,Neutral
976,There is a small temple near the beach entrance and a tea stall opposite it.,English,Beaches,Tithal Beach,Neutral
977,We visited during the monsoon and the beach was closed for swimming.,English,Beaches,Mandvi Beach,Neutral
978,"Horse rides cost 150 rupees for a short round, camel rides are a bit more.",English,Beaches,Mandvi Beach,Neutral
979,Changing rooms are available for a small fee of 10 rupees.,English,Beaches,Shivrajpur Beach,Neutral
980,"It was an average beach day. Some parts clean, some parts not.",English,Beaches,Diu Beach,Neutral
981,Rented a scooter from town and reached the beach in about 15 minutes.,English,Beaches,Diu Beach,Neutral
982,Weekend crowd was moderate and the sunset was around 6:45 PM.,English,Beaches,Tithal Beach,Neutral
983,Public toilets are located at the far end of the parking area.,English,Beaches,Shivrajpur Beach,Neutral
984,"Honestly disgusting, plastic and food waste all along the shoreline.",English,Beaches,Tithal Beach,Negative
985,Vendors were very pushy and kept shouting at us to buy things.,English,Beaches,Mandvi Beach,Negative
986,The water looked brownish and smelled bad. Not what the photos online show.,English,Beaches,Tithal Beach,Negative
987,No lifeguard in sight even though the waves were strong. Scary with kids around.,English,Beaches,Diu Beach,Negative
988,Parking guys charged 100 rupees for a bike. Pure loot.,English,Beaches,Mandvi Beach,Negative
989,The toilets were locked and the changing room was filthy.,English,Beaches,Shivrajpur Beach,Negative
990,"Too many drunk groups at night, my wife felt very uncomfortable.",English,Beaches,Diu Beach,Negative
991,Camel ride guy changed the price after we sat on the camel. Cheated!!,English,Beaches,Mandvi Beach,Negative
992,We came for a peaceful evening and got loud music from three different speakers instead.,English,Beaches,Tithal Beach,Negative
993,Seafood stall served stale fish and my stomach was upset for two days.,English,Beaches,Diu Beach,Negative
994,"Great, a beautiful beach and not a single dustbin for a kilometre. Very thoughtful.",English,Beaches,Shivrajpur Beach,Negative
995,"Crowded, hot and dirty. I would not recommend it on weekends at all.",English,Beaches,Tithal Beach,Negative
996,The road to the beach is full of potholes and there are no signboards.,English,Beaches,Mandvi Beach,Negative
997,Lovely sunset but the garbage on the sand ruined the whole trip.,English,Beaches,Tithal Beach,Negative
998,Waited an hour for water sports and then they cancelled it without refund.,English,Beaches,Shivrajpur Beach,Negative
999,"Sand was full of broken glass, my son cut his foot.",English,Beaches,Diu Beach,Negative
1000,The evening aarti at Somnath gave me goosebumps. The sound of the sea behind the chants is something I will never forget.,English,Temple,Somnath,Positive
1001,"Dwarkadhish temple is beautifully managed, the volunteers guided the queue very politely.",English,Temple,Dwarka,Positive
1002,"The Sun Temple at Modhera is a masterpiece, the carvings are unreal and the lawns are spotless.",English,Temple,Modhera,Positive
1003,Darshan took only 20 minutes on a Tuesday morning. Smooth and peaceful.,English,Temple,Somnath,Positive
1004,"Such positive energy inside, I felt calm the moment I entered.",English,Temple,Dwarka,Positive
1005,"The light show at Modhera in the evening is beautiful, my kids were thrilled 😊",English,Temple,Modhera,Positive
1006,"Prasad was freshly made and very tasty, and the counter staff were kind.",English,Temple,Dwarka,Positive
1007,"Clean footwear stand, drinking water points and shaded walkways. Well planned.",English,Temple,Somnath,Positive
1008,"Visited with my grandmother, the wheelchair assistance was excellent and free.",English,Temple,Ahmedabad,Positive
1009,"The Swaminarayan temple in Ahmedabad is stunning, every inch of the stone work is perfect.",English,Temple,Ahmedabad,Positive
1010,"Peaceful morning prayers, birds chirping, and no one rushing you. Wonderful.",English,Temple,Somnath,Positive
1011,"The priest explained the history of the temple so patiently, we learned a lot!!",English,Temple,Dwarka,Positive
1012,Beautiful architecture and very disciplined crowd management on a festival day.,English,Temple,Ahmedabad,Positive
1013,Walking around the Modhera stepped tank at sunset was a dreamy experience.,English,Temple,Modhera,Positive
1014,Even with the Janmashtami rush the arrangements were surprisingly smooth.,English,Temple,Dwarka,Positive
1015,"A truly divine place, I felt grateful to be there.",English,Temple,Somnath,Positive
1016,Somnath temple opens at 6 AM and the evening aarti is at 7 PM.,English,Temple,Somnath,Neutral
1017,"Mobile phones and cameras are not allowed inside, lockers are available outside for 10 rupees.",English,Temple,Somnath,Neutral
1018,Dwarkadhish temple closes in the afternoon between 1 PM and 5 PM for rest.,English,Temple,Dwarka,Neutral
1019,Modhera Sun Temple is about 100 km from Ahmedabad and takes roughly two hours by road.,English,Temple,Modhera,Neutral
1020,"Dress code is simple, shoulders and knees should be covered.",English,Temple,Ahmedabad,Neutral
1021,The temple complex has a small museum and a dharamshala for pilgrims.,English,Temple,Dwarka,Neutral
1022,"Entry to the main temple is free, the light and sound show has a separate ticket.",English,Temple,Modhera,Neutral
1023,We reached at 9 AM and joined a moderately long queue.,English,Temple,Somnath,Neutral
1024,The Akshardham complex has a strict security check and bags are not allowed.,English,Temple,Ahmedabad,Neutral
1025,There is a Gomti ghat near the temple where people take a dip before darshan.,English,Temple,Dwarka,Neutral
1026,A guide offered his services outside for 300 rupees. We declined and used the board descriptions.,English,Temple,Modhera,Neutral
1027,Local buses to the temple run every half hour from the main bus stand.,English,Temple,Somnath,Neutral
1028,Photography is allowed in the courtyard but not inside the sanctum.,English,Temple,Ahmedabad,Neutral
1029,The temple was decorated with flowers for the festival and the crowd was average.,English,Temple,Dwarka,Neutral
1030,We stayed for the aarti and then walked to the nearby beach for dinner.,English,Temple,Somnath,Neutral
1031,The temple is built in the Chalukya style and dates back to the 11th century.,English,Temple,Modhera,Neutral
1032,"Cloakroom and shoe counters are at the entrance, both are free of charge.",English,Temple,Ahmedabad,Neutral
1033,"Pushing and shoving everywhere in the queue, the security staff did nothing to stop it.",English,Temple,Dwarka,Negative
1034,VIP darshan line was moving faster than the free line. Not fair at all.,English,Temple,Somnath,Negative
1035,Shoe stand attendants demanded extra money even though the board said free.,English,Temple,Ahmedabad,Negative
1036,Waited over three hours in the heat with no drinking water arrangement.,English,Temple,Dwarka,Negative
1037,The area outside the temple is filthy with leftover flowers and plastic bags.,English,Temple,Somnath,Negative
1038,Pandits kept pressuring us for special puja and kept raising the price. Felt very uncomfortable.,English,Temple,Dwarka,Negative
1039,The Sun Temple is beautiful but the guide was rude and the washrooms were locked.,English,Temple,Modhera,Negative
1040,"Parking is a nightmare, we circled for almost an hour.",English,Temple,Somnath,Negative
1041,"Great, a holy place and the loudspeakers were playing film songs. How peaceful.",English,Temple,Ahmedabad,Negative
1042,"Very poor crowd control during the festival, some people almost fainted in the queue.",English,Temple,Dwarka,Negative
1043,The staff scolded my elderly father for stopping for a moment. Very disrespectful.,English,Temple,Ahmedabad,Negative
1044,Prasad packets were stale and overpriced. Not coming back for that.,English,Temple,Somnath,Negative
1045,"Too many shops selling junk inside the complex, it feels like a market not a temple.",English,Temple,Dwarka,Negative
1046,Light show started 40 minutes late and the sound system kept crackling!!,English,Temple,Modhera,Negative
1047,"No proper signboards for the queue, nobody was there to guide us.",English,Temple,Somnath,Negative
1048,"Touts promise quick darshan and take money, and security just watches. Sad.",English,Temple,Dwarka,Negative
1049,Disappointed with the maintenance. Paint peeling off and the bathrooms were unusable.,English,Temple,Ahmedabad,Negative
1050,"The locho at Surat is soft, buttery and absolutely addictive. Had two plates!",English,Street Food,Surat,Positive
1051,"Best fafda jalebi breakfast of my life, still warm and crisp at 8 AM.",English,Street Food,Ahmedabad,Positive
1052,"Dabeli in Rajkot is next level, the sweet and spicy balance was perfect 😋",English,Street Food,Rajkot,Positive
1053,Ghari at the old city shop melts in your mouth. Worth the queue.,English,Street Food,Surat,Positive
1054,"Hygienic stall, vendor wore gloves and the chutneys tasted homemade.",English,Street Food,Vadodara,Positive
1055,Dwarka's local kachori with green chutney is cheap and delicious.,English,Street Food,Dwarka,Positive
1056,Late night pav bhaji near Law Garden saved our evening. Generous butter!,English,Street Food,Ahmedabad,Positive
1057,"Sev usal in Vadodara has the perfect heat, my eyes were watering but I kept eating.",English,Street Food,Vadodara,Positive
1058,The ragda pattice guy remembers regulars and adds extra sev. Lovely.,English,Street Food,Rajkot,Positive
1059,Just 30 rupees for a plate of khaman that tasted better than restaurant versions.,English,Street Food,Surat,Positive
1060,"Gola in the evening heat was refreshing, so many flavours to choose from.",English,Street Food,Rajkot,Positive
1061,Bhuj dabeli has its own charm with the peanut masala. Loved it.,English,Street Food,Bhuj,Positive
1062,"Fresh sugarcane juice with ginger and lemon, perfect for a hot day.",English,Street Food,Ahmedabad,Positive
1063,"Quick service, fair price and the taste was spot on!!",English,Street Food,Vadodara,Positive
1064,Hot samosas with kadhi was an unexpected but wonderful combination.,English,Street Food,Bhuj,Positive
1065,Their masala chai and bun maska combo is my go to every Sunday morning.,English,Street Food,Surat,Positive
1066,"Delicious and cheap, this is why I love Gujarati street food.",English,Street Food,Dwarka,Positive
1067,The stall opens at 5 PM and closes around midnight on weekdays.,English,Street Food,Ahmedabad,Neutral
1068,A plate of dabeli costs 25 rupees and two pieces make a light snack.,English,Street Food,Rajkot,Neutral
1069,"Surat is known for locho, ponk and ghari during winter and Uttarayan.",English,Street Food,Surat,Neutral
1070,The vendor accepts UPI but not credit cards.,English,Street Food,Vadodara,Neutral
1071,"Most stalls here are on the main road near the bus stand, so parking is limited.",English,Street Food,Dwarka,Neutral
1072,We shared one plate between two people and it was enough as a starter.,English,Street Food,Bhuj,Neutral
1073,"There were about ten people in the queue, we waited around 15 minutes.",English,Street Food,Ahmedabad,Neutral
1074,"The shop has a small seating area on the first floor, but most people eat standing.",English,Street Food,Rajkot,Neutral
1075,They serve jalebi in the morning and fafda from 7 AM onwards.,English,Street Food,Ahmedabad,Neutral
1076,The lane is closed to vehicles after 8 PM so you have to walk in.,English,Street Food,Surat,Neutral
1077,"Takeaway orders are packed in paper boxes, no plastic used.",English,Street Food,Vadodara,Neutral
1078,"Menu is limited to four items, all vegetarian, mostly fried.",English,Street Food,Dwarka,Neutral
1079,The stall is near the Mandvi gate and is easy to find using Google Maps.,English,Street Food,Bhuj,Neutral
1080,Prices were slightly higher during the festival week.,English,Street Food,Rajkot,Neutral
1081,"Open on all days except Diwali, according to the owner.",English,Street Food,Surat,Neutral
1082,"We tried khaman and dhokla at a stall near the station, the plates were served on paper.",English,Street Food,Vadodara,Neutral
1083,Oil looked old and black and the smell was awful. Skipped it.,English,Street Food,Rajkot,Negative
1084,Pav was stale and the bhaji was cold. For 80 rupees? No thanks.,English,Street Food,Ahmedabad,Negative
1085,Flies all over the sweets and the vendor didn't even bother covering them.,English,Street Food,Surat,Negative
1086,"I got food poisoning after eating there, spent the next day in bed.",English,Street Food,Dwarka,Negative
1087,Way too oily and way too salty. Couldn't finish even half.,English,Street Food,Vadodara,Negative
1088,The chutney tasted sour and the uncle behaved like we were bothering him.,English,Street Food,Bhuj,Negative
1089,Tourist prices! They charged us double compared to the locals next to us.,English,Street Food,Ahmedabad,Negative
1090,Dirty hands handling food and money at the same time. Never again.,English,Street Food,Rajkot,Negative
1091,"Great, a 40 minute wait for a plate of cold fafda. Totally worth it.",English,Street Food,Ahmedabad,Negative
1092,"Hyped on social media but honestly very average, tasted like any other dabeli.",English,Street Food,Rajkot,Negative
1093,"Water used for the pani puri looked cloudy, I stopped after one piece.",English,Street Food,Surat,Negative
1094,"No dustbin anywhere, everyone just throws plates on the road.",English,Street Food,Vadodara,Negative
1095,The jalebi was soggy and tasted like old oil!!,English,Street Food,Ahmedabad,Negative
1096,Tasty snacks but the place is so dirty I won't take my family here again.,English,Street Food,Bhuj,Negative
1097,Vendor refused to give change and then got angry when I asked.,English,Street Food,Dwarka,Negative
1098,Waited ages and they gave my order to someone who came later.,English,Street Food,Surat,Negative
1099,Overcrowded stall with zero hygiene. I would not recommend it to anyone.,English,Street Food,Rajkot,Negative
1100,"The food here is absolutely fantastic, highly recommended!",English,Restaurant,Surat,Positive
1101,Loved the ambiance and the service was super quick.,English,Restaurant,Surat,Positive
1102,Best Punjabi food I have ever had in Surat.,English,Restaurant,Surat,Positive
1103,The staff was very polite and made sure we were comfortable.,English,Restaurant,Surat,Positive
1104,"Great place for a family dinner, the kids loved the desserts.",English,Restaurant,Surat,Positive
1105,Booked a table in advance so didn't have to wait at all.,English,Restaurant,Surat,Positive
1106,Live music added a great touch to our evening.,English,Restaurant,Surat,Positive
1107,"The interior decor is beautiful, perfect for taking photos.",English,Restaurant,Surat,Positive
1108,"Soups and starters were delicious, really enjoyed the meal.",English,Restaurant,Surat,Positive
1109,"The manager personally checked on us, which was a nice gesture.",English,Restaurant,Surat,Positive
1110,"Tastes just like home food, spices and oil were perfectly balanced.",English,Restaurant,Surat,Positive
1111,They provided a high chair for my toddler without even asking.,English,Restaurant,Surat,Positive
1112,Complimentary buttermilk and papad was a pleasant surprise.,English,Restaurant,Surat,Positive
1113,The Gulab Jamun simply melted in my mouth.,English,Restaurant,Surat,Positive
1114,"Excellent service, would definitely visit again.",English,Restaurant,Surat,Positive
1115,Hygiene and cleanliness levels are top notch.,English,Restaurant,Surat,Positive
1116,Value for money! Both quality and quantity are excellent.,English,Restaurant,Surat,Positive
1117,This restaurant is located in the Piplod area.,English,Restaurant,Surat,Neutral
1118,They serve both Gujarati and Punjabi cuisine.,English,Restaurant,Surat,Neutral
1119,The restaurant is open from 12 to 3 PM and 7 to 11 PM.,English,Restaurant,Surat,Neutral
1120,Parking is available in the basement of the building.,English,Restaurant,Surat,Neutral
1121,It is advisable to book a table on weekends.,English,Restaurant,Surat,Neutral
1122,Cards and online payments are accepted here.,English,Restaurant,Surat,Neutral
1123,The seating capacity is around a hundred people.,English,Restaurant,Surat,Neutral
1124,Jain food can be prepared if ordered in advance.,English,Restaurant,Surat,Neutral
1125,Chinese dishes are also available on the menu.,English,Restaurant,Surat,Neutral
1126,The restaurant is listed on Swiggy and Zomato for home delivery.,English,Restaurant,Surat,Neutral
1127,There are chairs outside for people waiting for a table.,English,Restaurant,Surat,Neutral
1128,The restaurant remains closed on Mondays.,English,Restaurant,Surat,Neutral
1129,The address is easy to find on Google Maps.,English,Restaurant,Surat,Neutral
1130,They have a mini thali option for single diners.,English,Restaurant,Surat,Neutral
1131,Special dishes are added to the menu during festivals.,English,Restaurant,Surat,Neutral
1132,Packaged drinking water is charged extra.,English,Restaurant,Surat,Neutral
1133,The food had absolutely no taste and felt stale.,English,Restaurant,Surat,Negative
1134,It took almost an hour for the food to arrive after ordering.,English,Restaurant,Surat,Negative
1135,"The waiter was very rude, answered as if he was angry.",English,Restaurant,Surat,Negative
1136,There were more onions than paneer in the paneer sabzi.,English,Restaurant,Surat,Negative
1137,The table was not cleaned properly and the plates were dirty.,English,Restaurant,Surat,Negative
1138,The quantity of food is too little for the price they charge.,English,Restaurant,Surat,Negative
1139,The soup was served cold and lacked salt.,English,Restaurant,Surat,Negative
1140,"The AC was not working properly, we were sweating while eating.",English,Restaurant,Surat,Negative
1141,Half the items on the menu were unavailable.,English,Restaurant,Surat,Negative
1142,The rotis were hard and chewy.,English,Restaurant,Surat,Negative
1143,It was so noisy inside that we couldn't even talk properly.,English,Restaurant,Surat,Negative
1144,They billed us for items we didn't even eat.,English,Restaurant,Surat,Negative
1145,The washroom was worse than a public toilet.,English,Restaurant,Surat,Negative
1146,Found a hair in the food and nobody even apologized when we complained.,English,Restaurant,Surat,Negative
1147,"Don't ever go here, complete waste of time and money.",English,Restaurant,Surat,Negative
1148,The valet parking guy scratched my car.,English,Restaurant,Surat,Negative
1149,Visiting the Ambaji temple was a truly divine experience.,English,Pilgrimage Site,Ambaji,Positive
1150,The trek to Gabbar hill is a bit tiring but the view from top is breathtaking.,English,Pilgrimage Site,Ambaji,Positive
1151,The carvings on the temple walls are a masterpiece of architecture.,English,Pilgrimage Site,Ambaji,Positive
1152,You experience a unique sense of peace and spirituality here.,English,Pilgrimage Site,Ambaji,Positive
1153,There are nice shaded seating areas along the way up the hill.,English,Pilgrimage Site,Ambaji,Positive
1154,Free drinking water facilities at regular intervals are a blessing for pilgrims.,English,Pilgrimage Site,Ambaji,Positive
1155,The ropeway service is well organized and very reasonably priced.,English,Pilgrimage Site,Ambaji,Positive
1156,Watching the sunrise from Gabbar hill is a magical experience.,English,Pilgrimage Site,Ambaji,Positive
1157,The entire temple premises are kept impeccably clean.,English,Pilgrimage Site,Ambaji,Positive
1158,Learned a lot about the history of the Shakti Peeth from the local guides.,English,Pilgrimage Site,Ambaji,Positive
1159,The satvik meal at the trust bhojanalay is delicious and fulfilling.,English,Pilgrimage Site,Ambaji,Positive
1160,The temple trust manages everything very efficiently.,English,Pilgrimage Site,Ambaji,Positive
1161,You forget all your tiredness once you reach the top and take darshan.,English,Pilgrimage Site,Ambaji,Positive
1162,Had a wonderful time visiting with my family.,English,Pilgrimage Site,Ambaji,Positive
1163,The guide explained the significance of the temple very well.,English,Pilgrimage Site,Ambaji,Positive
1164,The atmosphere here is filled with positive spiritual energy.,English,Pilgrimage Site,Ambaji,Positive
1165,Ambaji is a famous Shakti Peeth located in the Aravalli hills.,English,Pilgrimage Site,Ambaji,Neutral
1166,You have to climb around 999 steps to reach the temple on Gabbar hill.,English,Pilgrimage Site,Ambaji,Neutral
1167,Leather items and outside food are not allowed inside the main temple.,English,Pilgrimage Site,Ambaji,Neutral
1168,It is better to start the climb early morning to avoid the sun.,English,Pilgrimage Site,Ambaji,Neutral
1169,Direct state transport buses are available from Ahmedabad to Ambaji.,English,Pilgrimage Site,Ambaji,Neutral
1170,There is a continuous burning holy flame at the temple.,English,Pilgrimage Site,Ambaji,Neutral
1171,Many dharamshalas are available near the temple for accommodation.,English,Pilgrimage Site,Ambaji,Neutral
1172,The temple is closed for a few hours in the afternoon.,English,Pilgrimage Site,Ambaji,Neutral
1173,The ropeway ticket charges are fixed and non-negotiable.,English,Pilgrimage Site,Ambaji,Neutral
1174,There is a huge fair held here during the Bhadarvi Poonam.,English,Pilgrimage Site,Ambaji,Neutral
1175,"The main temple does not have an idol, they worship the Visa Shree Yantra.",English,Pilgrimage Site,Ambaji,Neutral
1176,It takes about an hour to climb the hill at a normal pace.,English,Pilgrimage Site,Ambaji,Neutral
1177,Public washrooms are available near the starting point of the steps.,English,Pilgrimage Site,Ambaji,Neutral
1178,"The nearest railway station is Abu Road, which is about 20 km away.",English,Pilgrimage Site,Ambaji,Neutral
1179,Many devotees prefer to climb the hill barefoot.,English,Pilgrimage Site,Ambaji,Neutral
1180,We started the climb at 6 AM and were down by 10 AM.,English,Pilgrimage Site,Ambaji,Neutral
1181,Walking sticks are available for rent at the base of the hill.,English,Pilgrimage Site,Ambaji,Neutral
1182,"The steps became too hot by noon, making it very difficult to walk barefoot.",English,Pilgrimage Site,Ambaji,Negative
1183,It was so crowded that we had to wait for two hours in the darshan queue.,English,Pilgrimage Site,Ambaji,Negative
1184,"Some people were spitting pan masala on the way, which is very disgusting.",English,Pilgrimage Site,Ambaji,Negative
1185,The doli-walas were demanding more money than the fixed rates.,English,Pilgrimage Site,Ambaji,Negative
1186,There was zero cleanliness in some of the dharamshalas near the temple.,English,Pilgrimage Site,Ambaji,Negative
1187,"The monkeys are a menace, they snatch things right out of your hands.",English,Pilgrimage Site,Ambaji,Negative
1188,"There were no glasses at some of the water coolers, had to drink from hands.",English,Pilgrimage Site,Ambaji,Negative
1189,The public toilets were stinking and had no running water.,English,Pilgrimage Site,Ambaji,Negative
1190,Emergency medical facilities for the elderly are not adequate on the hill.,English,Pilgrimage Site,Ambaji,Negative
1191,Traffic jams are a major issue near the base during weekends.,English,Pilgrimage Site,Ambaji,Negative
1192,Some shopkeepers charge double the MRP for a simple water bottle.,English,Pilgrimage Site,Ambaji,Negative
1193,The security guards were very rude to the devotees.,English,Pilgrimage Site,Ambaji,Negative
1194,Lack of proper signboards makes it confusing for first-time visitors.,English,Pilgrimage Site,Ambaji,Negative
1195,"Some of the steps are broken and uneven, making it risky to climb.",English,Pilgrimage Site,Ambaji,Negative
1196,There is not enough shade to rest while climbing up.,English,Pilgrimage Site,Ambaji,Negative
1197,"Parking is chaotic, vehicles are parked haphazardly everywhere.",English,Pilgrimage Site,Ambaji,Negative
1198,The ropeway car felt unsafe and overcrowded.,English,Pilgrimage Site,Ambaji,Negative
1199,"આ હોટલ ખરેખર amazing છે, Bhuj માં stay માટે પરફેક્ટ.",Mixed,Hotel,Bhuj,Positive
1200,રૂમ્સ એકદમ clean હતા અને staff નો બિહેવિયર બહુ સારો હતો.,Mixed,Hotel,Bhuj,Positive
1201,"We loved the traditional Kutchi food, બહુ જ ટેસ્ટી હતું.",Mixed,Hotel,Bhuj,Positive
1202,"Service was very fast, રૂમ સર્વિસ વાળા તરત આવી જતા હતા.",Mixed,Hotel,Bhuj,Positive
1203,Family સાથે રોકાવા માટે આ હોટલ બહુ જ safe છે.,Mixed,Hotel,Bhuj,Positive
1204,Value for money! ઓછા બજેટમાં બહુ સારી ફેસિલિટી મળી.,Mixed,Hotel,Bhuj,Positive
1205,"રાત્રે બહુ જ શાંતિ હતી, had a very peaceful sleep.",Mixed,Hotel,Bhuj,Positive
1206,"હોટલનું interior બહુ સુંદર છે, totally photogenic.",Mixed,Hotel,Bhuj,Positive
1207,"રિસેપ્શનિસ્ટ was very helpful, એમણે અમને Rann ઉત્સવ માટે ગાઇડ કર્યા.",Mixed,Hotel,Bhuj,Positive
1208,"Hot water was available 24x7, શિયાળામાં બહુ રાહત રહી.",Mixed,Hotel,Bhuj,Positive
1209,"ભુજમાં આનાથી સારી હોટલ કદાચ જ મળે, highly recommend.",Mixed,Hotel,Bhuj,Positive
1210,AC was working perfectly અને રૂમમાંથી મસ્ત સુગંધ આવતી હતી.,Mixed,Hotel,Bhuj,Positive
1211,હોટલની આસપાસ ઘણી સારી street food options છે.,Mixed,Hotel,Bhuj,Positive
1212,"Swimming pool was crystal clean, બાળકોને મજા આવી.",Mixed,Hotel,Bhuj,Positive
1213,"Free WiFi speed was excellent, વર્ક ફ્રોમ હોમ કરવામાં મજા આવી.",Mixed,Hotel,Bhuj,Positive
1214,I will definitely stay here again next time હું ભુજ આવીશ તો.,Mixed,Hotel,Bhuj,Positive
1215,The traditional welcome at the gate was a nice touch.,Mixed,Hotel,Bhuj,Positive
1216,આ હોટલનો check-in time બપોરે 12 વાગ્યાનો છે.,Mixed,Hotel,Bhuj,Neutral
1217,હોટલ Railway station થી 3 કિલોમીટર દૂર છે.,Mixed,Hotel,Bhuj,Neutral
1218,Room tariff starts from 2500 rupees per night.,Mixed,Hotel,Bhuj,Neutral
1219,Parking facility is available on the ground floor.,Mixed,Hotel,Bhuj,Neutral
1220,Breakfast સવારે 7:30 થી 10:00 ની વચ્ચે serve થાય છે.,Mixed,Hotel,Bhuj,Neutral
1221,Extra bed માટે separate charge આપવો પડે છે.,Mixed,Hotel,Bhuj,Neutral
1222,હોટલમાં બે lift છે જે બધા માળ પર જાય છે.,Mixed,Hotel,Bhuj,Neutral
1223,We had booked our rooms online through MakeMyTrip.,Mixed,Hotel,Bhuj,Neutral
1224,રૂમમાં એક નાનું fridge અને TV આપેલું છે.,Mixed,Hotel,Bhuj,Neutral
1225,Room service is available only up to 10 PM.,Mixed,Hotel,Bhuj,Neutral
1226,હોટલના ground floor પર એક pure veg રેસ્ટોરન્ટ છે.,Mixed,Hotel,Bhuj,Neutral
1227,આ હોટલ main road ની બિલકુલ બાજુમાં છે.,Mixed,Hotel,Bhuj,Neutral
1228,You can easily get an auto from here to go to the bus stand.,Mixed,Hotel,Bhuj,Neutral
1229,અમને second floor પર રૂમ મળ્યો હતો.,Mixed,Hotel,Bhuj,Neutral
1230,"Check-out time was strict, no late checkout allowed.",Mixed,Hotel,Bhuj,Neutral
1231,Pets are strictly not allowed in the hotel premises.,Mixed,Hotel,Bhuj,Neutral
1232,રૂમ્સ બહુ જ નાના હતા અને dirty smell આવતી હતી.,Mixed,Hotel,Bhuj,Negative
1233,"સર્વિસ સાવ pathetic છે, nobody listens to you.",Mixed,Hotel,Bhuj,Negative
1234,Breakfast was completely tasteless and cold.,Mixed,Hotel,Bhuj,Negative
1235,"બાથરૂમ માંથી foul smell આવતી હતી, not properly cleaned.",Mixed,Hotel,Bhuj,Negative
1236,AC બગડેલું હતું અને despite complaining કોઈ રિપેર કરવા ના આવ્યું.,Mixed,Hotel,Bhuj,Negative
1237,"Too much noise from the outside road, ઊંઘ જ ના આવી.",Mixed,Hotel,Bhuj,Negative
1238,Manager's attitude was very rude and unprofessional.,Mixed,Hotel,Bhuj,Negative
1239,TV was not working at all.,Mixed,Hotel,Bhuj,Negative
1240,"Photos on the website are fake, રિયાલિટીમાં સાવ ખરાબ છે.",Mixed,Hotel,Bhuj,Negative
1241,Parking માં ગાડી મૂકવાની space જ નહોતી.,Mixed,Hotel,Bhuj,Negative
1242,"Lift વારંવાર બંધ પડી જતી હતી, it felt unsafe.",Mixed,Hotel,Bhuj,Negative
1243,"રૂમમાં mosquitoes બહુ જ હતા, they didn't even give a repellent.",Mixed,Hotel,Bhuj,Negative
1244,અમે માંગેલું water bottle પણ કલાક પછી આપ્યું.,Mixed,Hotel,Bhuj,Negative
1245,"Total waste of money, સાવ થર્ડ ક્લાસ experience.",Mixed,Hotel,Bhuj,Negative
1246,Bedsheet પર stains હતા અને કહેવા છતાં બદલી ના આપી.,Mixed,Hotel,Bhuj,Negative
1247,"Free WiFi was practically dead, no signal at all.",Mixed,Hotel,Bhuj,Negative
1248,AC sound was so loud it disturbed our sleep.,Mixed,Hotel,Bhuj,Negative
1249,"Laxmi Vilas Palace ખરેખર એક majestic palace છે, જોઈને આંખો ખુલ્લી રહી ગઈ.",Mixed,Tourist Attractions,Laxmi Vilas Palace,Positive
1250,"અહીંનું architecture બહુ જ સુંદર છે, every detail is perfect.",Mixed,Tourist Attractions,Laxmi Vilas Palace,Positive
1251,"Audio guide was very helpful, ઇતિહાસ સરસ રીતે સમજાવ્યો છે.",Mixed,Tourist Attractions,Laxmi Vilas Palace,Positive
1252,Palace ની અંદરનો દરબાર હોલ is absolutely stunning.,Mixed,Tourist Attractions,Laxmi Vilas Palace,Positive
1253,"Garden area બહુ જ well-maintained છે, બાળકોને રમવાની મજા આવી.",Mixed,Tourist Attractions,Laxmi Vilas Palace,Positive
1254,Ticket price is slightly high પણ અંદર જોયા પછી worth it લાગે છે.,Mixed,Tourist Attractions,Laxmi Vilas Palace,Positive
1255,શસ્ત્રાગાર (armory) collection ઇઝ રિયલી ઇમ્પ્રેસિવ.,Mixed,Tourist Attractions,Laxmi Vilas Palace,Positive
1256,Palace માં ફરવાની એક royal feeling આવે છે.,Mixed,Tourist Attractions,Laxmi Vilas Palace,Positive
1257,વડોદરા આવો તો આ જગ્યા ચોક્કસ visit કરવી જોઈએ.,Mixed,Tourist Attractions,Laxmi Vilas Palace,Positive
1258,"The cleanliness is top notch, ક્યાંય કચરો જોવા ના મળે.",Mixed,Tourist Attractions,Laxmi Vilas Palace,Positive
1259,The peacocks roaming in the garden made our day.,Mixed,Tourist Attractions,Laxmi Vilas Palace,Positive
1260,"આટલો મોટો મહેલ મેં પહેલા ક્યારેય નથી જોયો, brilliant!",Mixed,Tourist Attractions,Laxmi Vilas Palace,Positive
1261,"It's a photographer's paradise, ફોટા બહુ મસ્ત આવે છે.",Mixed,Tourist Attractions,Laxmi Vilas Palace,Positive
1262,"સ્ટાફ બહુ જ polite હતો, they guided us very well.",Mixed,Tourist Attractions,Laxmi Vilas Palace,Positive
1263,"The audio tour is available in Gujarati as well, જે બહુ સારી વાત છે.",Mixed,Tourist Attractions,Laxmi Vilas Palace,Positive
1264,"Very peaceful atmosphere, city ના ઘોંઘાટથી દૂર.",Mixed,Tourist Attractions,Laxmi Vilas Palace,Positive
1265,I was mesmerized by the Venetian mosaic floor in the Darbar Hall.,Mixed,Tourist Attractions,Laxmi Vilas Palace,Positive
1266,Laxmi Vilas Palace સોમવારે visitors માટે બંધ રહે છે.,Mixed,Tourist Attractions,Laxmi Vilas Palace,Neutral
1267,Ticket ની સાથે એક free audio guide આપવામાં આવે છે.,Mixed,Tourist Attractions,Laxmi Vilas Palace,Neutral
1268,અંદરના અમુક રૂમ્સમાં photography strictly prohibited છે.,Mixed,Tourist Attractions,Laxmi Vilas Palace,Neutral
1269,વડોદરા રેલવે સ્ટેશનથી palace લગભગ 2-3 કિલોમીટર દૂર છે.,Mixed,Tourist Attractions,Laxmi Vilas Palace,Neutral
1270,The ticket counter closes at 4:30 PM.,Mixed,Tourist Attractions,Laxmi Vilas Palace,Neutral
1271,Palace ની મુલાકાત લેતા સામાન્ય રીતે 2 કલાક જેટલો સમય લાગે છે.,Mixed,Tourist Attractions,Laxmi Vilas Palace,Neutral
1272,અહીંયા ગાડીઓ માટે વિશાળ parking area છે.,Mixed,Tourist Attractions,Laxmi Vilas Palace,Neutral
1273,Royal family હજુ પણ મહેલના એક હિસ્સામાં રહે છે.,Mixed,Tourist Attractions,Laxmi Vilas Palace,Neutral
1274,The palace was built in 1890 by Maharaja Sayajirao Gaekwad III.,Mixed,Tourist Attractions,Laxmi Vilas Palace,Neutral
1275,પાણી પીવા માટે અને washrooms ની સુવિધા ઉપલબ્ધ છે.,Mixed,Tourist Attractions,Laxmi Vilas Palace,Neutral
1276,બહાર એક નાની કેન્ટીન છે જ્યાં ચા અને નાસ્તો મળે છે.,Mixed,Tourist Attractions,Laxmi Vilas Palace,Neutral
1277,There is a golf course inside the palace compound.,Mixed,Tourist Attractions,Laxmi Vilas Palace,Neutral
1278,"We visited on a Sunday afternoon, થોડી ભીડ હતી.",Mixed,Tourist Attractions,Laxmi Vilas Palace,Neutral
1279,ટિકિટના પૈસા credit card થી પણ આપી શકાય છે.,Mixed,Tourist Attractions,Laxmi Vilas Palace,Neutral
1280,It is supposedly four times the size of Buckingham Palace.,Mixed,Tourist Attractions,Laxmi Vilas Palace,Neutral
1281,અંદર બેસવા માટે લાકડાના બાંકડા મૂકેલા છે.,Mixed,Tourist Attractions,Laxmi Vilas Palace,Neutral
1282,Security checking is mandatory at the entrance.,Mixed,Tourist Attractions,Laxmi Vilas Palace,Neutral
1283,"Entry ticket બહુ જ મોંઘી છે, 200 રૂપિયા per person is too much.",Mixed,Tourist Attractions,Laxmi Vilas Palace,Negative
1284,"Audio guide devices અમુક તો ચાલતા જ નહોતા, we had to change them twice.",Mixed,Tourist Attractions,Laxmi Vilas Palace,Negative
1285,"અંદર ફોટા પાડવાની ના પાડે છે, તો પછી જોવા જવાનો મતલબ શું?",Mixed,Tourist Attractions,Laxmi Vilas Palace,Negative
1286,"The security guards behave very rudely, જાણે આપણે ગુનેગાર હોઈએ.",Mixed,Tourist Attractions,Laxmi Vilas Palace,Negative
1287,"માત્ર એક નાનો હિસ્સો જ જોવા દે છે, બાકીનો મહેલ બંધ રાખે છે.",Mixed,Tourist Attractions,Laxmi Vilas Palace,Negative
1288,Canteen માં મળતો નાસ્તો બહુ જ વાસી અને over-priced હતો.,Mixed,Tourist Attractions,Laxmi Vilas Palace,Negative
1289,ગરમીમાં ફરવા માટે અંદર કોઈ AC કે પંખાની બરાબર સુવિધા નથી.,Mixed,Tourist Attractions,Laxmi Vilas Palace,Negative
1290,Washrooms were dirty and smelling bad.,Mixed,Tourist Attractions,Laxmi Vilas Palace,Negative
1291,"ટિકિટ લેવા માટે તડકામાં લાંબી લાઈનમાં ઊભા રહેવું પડ્યું, no shade.",Mixed,Tourist Attractions,Laxmi Vilas Palace,Negative
1292,The audio guide was boring and too long.,Mixed,Tourist Attractions,Laxmi Vilas Palace,Negative
1293,Staff was not helpful at all when we asked for directions.,Mixed,Tourist Attractions,Laxmi Vilas Palace,Negative
1294,"Not worth the hype, ખાલી પૈસા પડાવવાનો ધંધો છે.",Mixed,Tourist Attractions,Laxmi Vilas Palace,Negative
1295,Parking થી main gate સુધી ચાલતા જવામાં થાકી જવાય છે.,Mixed,Tourist Attractions,Laxmi Vilas Palace,Negative
1296,There was no drinking water facility working outside.,Mixed,Tourist Attractions,Laxmi Vilas Palace,Negative
1297,Maintenance is very poor in some outer sections of the building.,Mixed,Tourist Attractions,Laxmi Vilas Palace,Negative
1298,They closed the entry 15 mins early and didn't let us in.,Mixed,Tourist Attractions,Laxmi Vilas Palace,Negative
1299,"શિવરાજપુર બીચને blue flag મળ્યું છે એ સાચું છે, બહુ જ clean બીચ છે.",Mixed,Beaches,Shivrajpur Beach,Positive
1300,"White sand and clear water, જાણે માલદીવ્સમાં આવી ગયા હોઈએ એવું લાગે.",Mixed,Beaches,Shivrajpur Beach,Positive
1301,"It's a perfect place for family picnic, બાળકોને મજા આવી ગઈ.",Mixed,Beaches,Shivrajpur Beach,Positive
1302,Sunset view is absolutely gorgeous from here.,Mixed,Beaches,Shivrajpur Beach,Positive
1303,"અહીંયા પાણી એટલું છીછરું છે કે નાહવાની બહુ મજા આવે છે, completely safe.",Mixed,Beaches,Shivrajpur Beach,Positive
1304,"Scuba diving નો experience અદભુત હતો, highly recommend it.",Mixed,Beaches,Shivrajpur Beach,Positive
1305,"બીચ પર બહુ શાંતિ હોય છે, not too crowded like other beaches.",Mixed,Beaches,Shivrajpur Beach,Positive
1306,Facilities like shower and changing rooms are maintained very well.,Mixed,Beaches,Shivrajpur Beach,Positive
1307,The newly developed promenade is great for evening walks.,Mixed,Beaches,Shivrajpur Beach,Positive
1308,અહીંનો દરિયાકિનારો બહુ જ લાંબો અને સ્વચ્છ છે.,Mixed,Beaches,Shivrajpur Beach,Positive
1309,"Security is tight, એટલે રાત્રે પણ safe feel થાય છે.",Mixed,Beaches,Shivrajpur Beach,Positive
1310,"We loved the boat ride, it was very relaxing.",Mixed,Beaches,Shivrajpur Beach,Positive
1311,"Amazing place, ગુજરાતનું ગૌરવ કહી શકાય એવો બીચ છે.",Mixed,Beaches,Shivrajpur Beach,Positive
1312,Food stalls are well organized and clean.,Mixed,Beaches,Shivrajpur Beach,Positive
1313,"This is the best beach in Gujarat by far, simply beautiful.",Mixed,Beaches,Shivrajpur Beach,Positive
1314,The water is so clear you can see the bottom easily.,Mixed,Beaches,Shivrajpur Beach,Positive
1315,શિવરાજપુર બીચ દ્વારકાથી લગભગ 12 કિલોમીટર દૂર છે.,Mixed,Beaches,Shivrajpur Beach,Neutral
1316,બીચ પર એન્ટ્રી કરવા માટે નાની entry fee આપવી પડે છે.,Mixed,Beaches,Shivrajpur Beach,Neutral
1317,અહીંયા અલગ અલગ water sports activities અવેલેબલ છે.,Mixed,Beaches,Shivrajpur Beach,Neutral
1318,Parking માટે ઘણી મોટી જગ્યા ફાળવેલી છે.,Mixed,Beaches,Shivrajpur Beach,Neutral
1319,There are proper changing rooms and washrooms available.,Mixed,Beaches,Shivrajpur Beach,Neutral
1320,બીચ પર પ્લાસ્ટિક લઈ જવા પર સખત પ્રતિબંધ છે.,Mixed,Beaches,Shivrajpur Beach,Neutral
1321,The beach is open from 8 AM to 7 PM.,Mixed,Beaches,Shivrajpur Beach,Neutral
1322,તમે પ્રાઇવેટ વહીકલ અથવા છકડો રિક્ષા કરીને અહીં પહોંચી શકો છો.,Mixed,Beaches,Shivrajpur Beach,Neutral
1323,There is a lighthouse near the beach.,Mixed,Beaches,Shivrajpur Beach,Neutral
1324,Water sports rates are fixed by the authority.,Mixed,Beaches,Shivrajpur Beach,Neutral
1325,અમુક ઊંડા પાણી વાળા વિસ્તારમાં જવા પર મનાઈ છે.,Mixed,Beaches,Shivrajpur Beach,Neutral
1326,They have placed benches along the walkway for resting.,Mixed,Beaches,Shivrajpur Beach,Neutral
1327,We went on a weekend and it was somewhat crowded.,Mixed,Beaches,Shivrajpur Beach,Neutral
1328,Food stalls પર નાસ્તો અને ઠંડા પીણા મળે છે.,Mixed,Beaches,Shivrajpur Beach,Neutral
1329,The sand here is whiter compared to other beaches in Gujarat.,Mixed,Beaches,Shivrajpur Beach,Neutral
1330,Rescue boats are on standby during operational hours.,Mixed,Beaches,Shivrajpur Beach,Neutral
1331,Ticket લેવા માટે લાઈનમાં ઊભા રહેવું પડ્યું.,Mixed,Beaches,Shivrajpur Beach,Neutral
1332,Entry fee લઈ લીધી પણ સુવિધાઓના નામે મીંડું છે.,Mixed,Beaches,Shivrajpur Beach,Negative
1333,Washrooms were extremely dirty and there was no water.,Mixed,Beaches,Shivrajpur Beach,Negative
1334,"Water sports વાળા safety નું બિલકુલ ધ્યાન નથી રાખતા, very risky.",Mixed,Beaches,Shivrajpur Beach,Negative
1335,"તહેવારોના લીધે બહુ જ ભીડ હતી, couldn't even walk properly.",Mixed,Beaches,Shivrajpur Beach,Negative
1336,તડકામાં છાંયડો લેવા માટે કોઈ જ વ્યવસ્થા નથી.,Mixed,Beaches,Shivrajpur Beach,Negative
1337,"Food stalls પર બહુ જ મોંઘુ જમવાનું મળે છે, total loot.",Mixed,Beaches,Shivrajpur Beach,Negative
1338,"બીચ પર અમુક લોકો પ્લાસ્ટિક અને કચરો નાખી રહ્યા હતા, no one stopped them.",Mixed,Beaches,Shivrajpur Beach,Negative
1339,"Parking થી બીચ સુધી ચાલવું પડે છે, અને રસ્તો ખરાબ છે.",Mixed,Beaches,Shivrajpur Beach,Negative
1340,"Changing rooms માં દરવાજા તૂટેલા હતા, totally unacceptable.",Mixed,Beaches,Shivrajpur Beach,Negative
1341,"Scuba diving ના નામે ખાલી છેતરપિંડી થાય છે, nothing to see inside.",Mixed,Beaches,Shivrajpur Beach,Negative
1342,Staff at the ticket counter was rude.,Mixed,Beaches,Shivrajpur Beach,Negative
1343,There was a dead fish smelling horrible near the shore.,Mixed,Beaches,Shivrajpur Beach,Negative
1344,"The place is overhyped, nothing so special about it.",Mixed,Beaches,Shivrajpur Beach,Negative
1345,દ્વારકાથી આવવાનો રસ્તો ખાડા વાળો અને ખરાબ છે.,Mixed,Beaches,Shivrajpur Beach,Negative
1346,The showers had only salty water coming out of them.,Mixed,Beaches,Shivrajpur Beach,Negative
1347,"Too many stray dogs roaming around the beach, felt unsafe.",Mixed,Beaches,Shivrajpur Beach,Negative
1348,"Life guards were busy on their phones, not paying attention to swimmers.",Mixed,Beaches,Shivrajpur Beach,Negative
1349,મોઢેરા સૂર્ય મંદિરની કોતરણી અને architecture is simply breathtaking.,Mixed,Temple,Modhera,Positive
1350,"સૂર્યદેવના આ મંદિરમાં જે શાંતિ મળે છે, it's beyond words.",Mixed,Temple,Modhera,Positive
1351,"The light and sound show in the evening is a must watch, બહુ જ સુંદર છે.",Mixed,Temple,Modhera,Positive
1352,"આખા પરિસરની સફાઈ ખૂબ જ સરસ રીતે કરવામાં આવી છે, completely spotless.",Mixed,Temple,Modhera,Positive
1353,રામકુંડ (stepwell) ની રચના જોઈને આપણા પ્રાચીન ઇજનેરો પર ગર્વ થાય.,Mixed,Temple,Modhera,Positive
1354,"Beautiful place for photography, ફોટા બહુ જ મસ્ત આવે છે.",Mixed,Temple,Modhera,Positive
1355,The guide explained the history behind the temple perfectly.,Mixed,Temple,Modhera,Positive
1356,મોઢેરા ડાન્સ ફેસ્ટિવલના સમયે અહીંનું વાતાવરણ એકદમ મંત્રમુગ્ધ કરી દે તેવું હોય છે.,Mixed,Temple,Modhera,Positive
1357,"A great place to visit with family, બાળકોને પણ ઇતિહાસ જાણવા મળ્યો.",Mixed,Temple,Modhera,Positive
1358,The solar powered lights look amazing at night.,Mixed,Temple,Modhera,Positive
1359,"અહીંયા વિતાવેલો સમય ખરેખર યાદગાર રહ્યો, highly recommend.",Mixed,Temple,Modhera,Positive
1360,It's amazing how the first rays of the sun used to fall directly on the idol.,Mixed,Temple,Modhera,Positive
1361,મંદિરની બહારનો ગાર્ડન એરિયા બહુ જ well maintained છે.,Mixed,Temple,Modhera,Positive
1362,We loved the intricate stone carvings on the pillars.,Mixed,Temple,Modhera,Positive
1363,"Ticket booking was hassle free, ઓનલાઈન ટિકિટની સગવડ સારી છે.",Mixed,Temple,Modhera,Positive
1364,The vibe of this place is very spiritual and calming.,Mixed,Temple,Modhera,Positive
1365,"Our heritage is so rich, મોઢેરા જોઈને એનો સાચો અહેસાસ થયો.",Mixed,Temple,Modhera,Positive
1366,મોઢેરા સૂર્ય મંદિર મહેસાણાથી લગભગ 25 કિલોમીટર દૂર છે.,Mixed,Temple,Modhera,Neutral
1367,You need to buy an entry ticket to visit the temple.,Mixed,Temple,Modhera,Neutral
1368,The temple was built in 1026 AD by King Bhimdev I.,Mixed,Temple,Modhera,Neutral
1369,અંદર પૂજા કરવાની મનાઈ છે કેમકે આ એસઆઈ પ્રોટેક્ટેડ મોન્યુમેન્ટ છે.,Mixed,Temple,Modhera,Neutral
1370,The light and sound show starts at 7:30 PM.,Mixed,Temple,Modhera,Neutral
1371,તમે અમદાવાદથી બસ દ્વારા મોઢેરા પહોંચી શકો છો.,Mixed,Temple,Modhera,Neutral
1372,There is a small museum maintained by ASI near the temple.,Mixed,Temple,Modhera,Neutral
1373,Parking માટે પૂરતી જગ્યા ફાળવવામાં આવી છે.,Mixed,Temple,Modhera,Neutral
1374,અહીંયા ચાલવા માટે પથ્થરના રસ્તા બનાવેલા છે.,Mixed,Temple,Modhera,Neutral
1375,The temple is situated on the banks of the Pushpavati river.,Mixed,Temple,Modhera,Neutral
1376,તહેવારોના સમયે અહીંયા મોટી સંખ્યામાં પ્રવાસીઓ આવે છે.,Mixed,Temple,Modhera,Neutral
1377,We hired a local guide at the entrance.,Mixed,Temple,Modhera,Neutral
1378,પીવાનું પાણી અને washroom ની સુવિધા ઉપલબ્ધ છે.,Mixed,Temple,Modhera,Neutral
1379,The Modhera dance festival is held in January every year.,Mixed,Temple,Modhera,Neutral
1380,સામાન્ય રીતે મંદિર જોવા માટે એક થી બે કલાક લાગે છે.,Mixed,Temple,Modhera,Neutral
1381,The ticket can be paid via UPI as well.,Mixed,Temple,Modhera,Neutral
1382,"તડકામાં પથ્થર બહુ ગરમ થઈ જાય છે, it becomes difficult to walk.",Mixed,Temple,Modhera,Negative
1383,Washrooms were extremely dirty and unhygienic.,Mixed,Temple,Modhera,Negative
1384,"બહાર પાર્કિંગ વાળા એક્સ્ટ્રા પૈસા માંગતા હતા, which is wrong.",Mixed,Temple,Modhera,Negative
1385,"There is no proper canteen, જમવા માટે કઈ જ સારું મળતું નથી.",Mixed,Temple,Modhera,Negative
1386,"Light and sound show માં અવાજ બરાબર નહોતો આવતો, totally disappointed.",Mixed,Temple,Modhera,Negative
1387,"Ticket લેવા માટે લાઈનમાં કોઈ શિસ્ત નહોતી, people were pushing each other.",Mixed,Temple,Modhera,Negative
1388,ASI museum was closed during our visit without any prior notice.,Mixed,Temple,Modhera,Negative
1389,ગાઈડ ખોટી માહિતી આપતા હતા અને ખાલી પૈસા પડાવવા ઉભા હતા.,Mixed,Temple,Modhera,Negative
1390,"The monkeys around the temple are very aggressive, felt unsafe.",Mixed,Temple,Modhera,Negative
1391,"રામકુંડના પગથિયાં બહુ જ ચીકણા હતા, I slipped and fell.",Mixed,Temple,Modhera,Negative
1392,"There are no dustbins inside, લોકો ગમે ત્યાં કચરો ફેંકે છે.",Mixed,Temple,Modhera,Negative
1393,Drinking water coolers were empty in such hot weather.,Mixed,Temple,Modhera,Negative
1394,મંદિરની આજુબાજુનો રસ્તો બહુ જ ખરાબ અને ખાડા વાળો છે.,Mixed,Temple,Modhera,Negative
1395,Security guards were misbehaving with the visitors.,Mixed,Temple,Modhera,Negative
1396,"It is overhyped, ખાલી પથ્થરો જ છે જોવા જેવું બીજું કઈ નથી.",Mixed,Temple,Modhera,Negative
1397,We had to wait for an hour just to get the tickets.,Mixed,Temple,Modhera,Negative
1398,"છાંયડા માટે કોઈ વ્યવસ્થા નથી, summer visit is a nightmare.",Mixed,Temple,Modhera,Negative
1399,"વડોદરાનું રાત્રી બજાર is amazing, મોડી રાત સુધી ખાવાની મજા પડી જાય.",Mixed,Street Food,Vadodara,Positive
1400,"The pav bhaji here is absolutely delicious, બહુ જ મસ્ત સ્વાદ છે.",Mixed,Street Food,Vadodara,Positive
1401,"અલકાપુરીમાં મળતી સેવ ઉસળ is out of this world, highly recommend.",Mixed,Street Food,Vadodara,Positive
1402,Prices are very reasonable અને quality પણ સારી હોય છે.,Mixed,Street Food,Vadodara,Positive
1403,"I loved the huge variety of dosas, જોઈને જ મોઢામાં પાણી આવી ગયું.",Mixed,Street Food,Vadodara,Positive
1404,તુલસીવાડી પાસેના પાનીપુરી વાળા ભાઈ બહુ જ ચોખ્ખાઈ રાખે છે.,Mixed,Street Food,Vadodara,Positive
1405,"Cold coco in Vadodara is a must try, બહુ જ રિફ્રેશિંગ હોય છે.",Mixed,Street Food,Vadodara,Positive
1406,Vibe of Ratri Bazar is super energetic and safe for families.,Mixed,Street Food,Vadodara,Positive
1407,અમે ભાખરી પિઝા ખાધા જે બહુ જ ટેસ્ટી અને અલગ હતા.,Mixed,Street Food,Vadodara,Positive
1408,The street food vendors are very polite and friendly.,Mixed,Street Food,Vadodara,Positive
1409,ખંડેરાવ માર્કેટ પાસે મળતા સમોસા એકદમ ગરમાગરમ અને મસ્ત હતા.,Mixed,Street Food,Vadodara,Positive
1410,Every item we tried was totally worth the money.,Mixed,Street Food,Vadodara,Positive
1411,અહીંયા હાઈજીન નું પણ સારું ધ્યાન રાખવામાં આવે છે.,Mixed,Street Food,Vadodara,Positive
1412,I always crave for the street food whenever I visit Baroda.,Mixed,Street Food,Vadodara,Positive
1413,ફતેહગંજ માં મળતો ફાલૂદા તો ભાઈ એક નંબર છે!,Mixed,Street Food,Vadodara,Positive
1414,"Fast service and lip smacking food, perfect combo.",Mixed,Street Food,Vadodara,Positive
1415,This place is a paradise for food lovers.,Mixed,Street Food,Vadodara,Positive
1416,રાત્રી બજાર is located near Mangal Pandey road.,Mixed,Street Food,Vadodara,Neutral
1417,તમે અહીયાથી online order પણ કરી શકો છો via Zomato.,Mixed,Street Food,Vadodara,Neutral
1418,Most stalls remain open till 1 AM in the night.,Mixed,Street Food,Vadodara,Neutral
1419,"અહીંયા ચાઈનીઝ, પંજાબી અને સાઉથ ઇન્ડિયન બધું જ મળે છે.",Mixed,Street Food,Vadodara,Neutral
1420,Parking space is provided near the food market.,Mixed,Street Food,Vadodara,Neutral
1421,UPI payments are accepted at almost all the stalls.,Mixed,Street Food,Vadodara,Neutral
1422,સેવ ઉસળ is a very popular breakfast dish in Vadodara.,Mixed,Street Food,Vadodara,Neutral
1423,There is a common seating area in the middle of Ratri Bazar.,Mixed,Street Food,Vadodara,Neutral
1424,બપોરના સમયે અમુક લારીઓ બંધ રહે છે.,Mixed,Street Food,Vadodara,Neutral
1425,You will find many food trucks in the Alkapuri area.,Mixed,Street Food,Vadodara,Neutral
1426,શિયાળામાં અહીંયા લીલવાની કચોરી બહુ વેચાય છે.,Mixed,Street Food,Vadodara,Neutral
1427,Some vendors use disposable plates and spoons.,Mixed,Street Food,Vadodara,Neutral
1428,અમે રવિવારે ગયા હતા એટલે થોડી ભીડ વધારે હતી.,Mixed,Street Food,Vadodara,Neutral
1429,Prices of food items vary from 50 to 200 rupees.,Mixed,Street Food,Vadodara,Neutral
1430,ફતેહગંજ વિસ્તાર વિદ્યાર્થીઓ માટે ખાવાપીવાનું મુખ્ય કેન્દ્ર છે.,Mixed,Street Food,Vadodara,Neutral
1431,They serve extra pav with sev usal if you ask.,Mixed,Street Food,Vadodara,Neutral
1432,It is completely vegetarian street food market.,Mixed,Street Food,Vadodara,Neutral
1433,ભીડ એટલી બધી હતી કે we had to wait for 40 minutes for our order.,Mixed,Street Food,Vadodara,Negative
1434,"Quality of food has gone down drastically, બહુ જ ખરાબ સ્વાદ હતો.",Mixed,Street Food,Vadodara,Negative
1435,"પાણીપુરીનું પાણી સાવ વાસી હતું, I got food poisoning next day.",Mixed,Street Food,Vadodara,Negative
1436,"Very unhygienic conditions, પ્લેટો બરાબર સાફ નહોતી કરી.",Mixed,Street Food,Vadodara,Negative
1437,"Prices are too high for street food, restaurant જેટલા પૈસા લે છે.",Mixed,Street Food,Vadodara,Negative
1438,"લારી વાળા નો વ્યવહાર બહુ જ તોછડો હતો, they don't value customers.",Mixed,Street Food,Vadodara,Negative
1439,"Parking is a big headache, કોઈ મેનેજમેન્ટ જ નથી.",Mixed,Street Food,Vadodara,Negative
1440,"Pav bhaji માં ખાલી તેલ જ હતું, it was very unhealthy.",Mixed,Street Food,Vadodara,Negative
1441,The common seating area was filthy and smelling bad.,Mixed,Street Food,Vadodara,Negative
1442,ચાઈનીઝ ખાવામાં એટલો કલર નાખ્યો હતો કે હાથ લાલ થઈ ગયા.,Mixed,Street Food,Vadodara,Negative
1443,"No dustbins around, લોકો ગમે ત્યાં કચરો ફેંકે છે.",Mixed,Street Food,Vadodara,Negative
1444,"I found a bug in my dosa, this is totally unacceptable.",Mixed,Street Food,Vadodara,Negative
1445,The noise and traffic pollution makes it impossible to eat peacefully.,Mixed,Street Food,Vadodara,Negative
1446,Cheese ના નામે they were using some cheap mayonnaise.,Mixed,Street Food,Vadodara,Negative
1447,"માખીઓ બહુ જ હતી, it felt very gross to eat there.",Mixed,Street Food,Vadodara,Negative
1448,They served cold food and refused to heat it.,Mixed,Street Food,Vadodara,Negative
1449,"The food at this restaurant was exceptionally good, બહુ જ મજા આવી.",Mixed,Restaurant,Rajkot,Positive
1450,Service was very prompt and staff was courteous.,Mixed,Restaurant,Rajkot,Positive
1451,"કાઠિયાવાડી થાળીનો સ્વાદ એકદમ અસલ અને દેશી હતો, loved it.",Mixed,Restaurant,Rajkot,Positive
1452,Ambiance is beautiful and gives a very premium feel.,Mixed,Restaurant,Rajkot,Positive
1453,We ordered Punjabi food and it was cooked to perfection.,Mixed,Restaurant,Rajkot,Positive
1454,Portion sizes are generous and completely worth the price.,Mixed,Restaurant,Rajkot,Positive
1455,બાજરાના રોટલા અને રીંગણનો ઓળો બેસ્ટ હતો.,Mixed,Restaurant,Rajkot,Positive
1456,The mocktails were very refreshing.,Mixed,Restaurant,Rajkot,Positive
1457,"They arranged a nice cake for our anniversary, બહુ જ સારો અનુભવ રહ્યો.",Mixed,Restaurant,Rajkot,Positive
1458,Hygiene standards are maintained very strictly here.,Mixed,Restaurant,Rajkot,Positive
1459,Valet parking facility makes it very convenient.,Mixed,Restaurant,Rajkot,Positive
1460,"I highly recommend their sizzlers, બહુ જ ટેસ્ટી હતા.",Mixed,Restaurant,Rajkot,Positive
1461,મસાલા છાસ પીવાની તો અલગ જ મજા છે અહીંયા.,Mixed,Restaurant,Rajkot,Positive
1462,Family get-together માટે આ એક ઉત્તમ જગ્યા છે.,Mixed,Restaurant,Rajkot,Positive
1463,"The desserts were heavenly, especially the sizzling brownie.",Mixed,Restaurant,Rajkot,Positive
1464,"Restaurant manager personally asked for our feedback, very professional.",Mixed,Restaurant,Rajkot,Positive
1465,આ રેસ્ટોરન્ટ યાજ્ઞિક રોડ પર આવેલી છે.,Mixed,Restaurant,Rajkot,Neutral
1466,They serve unlimited Gujarati thali during lunch hours.,Mixed,Restaurant,Rajkot,Neutral
1467,You can book your table in advance through Zomato.,Mixed,Restaurant,Rajkot,Neutral
1468,The restaurant is open all days of the week.,Mixed,Restaurant,Rajkot,Neutral
1469,જમવાની સાથે મુખવાસ અને સોપારી આપવામાં આવે છે.,Mixed,Restaurant,Rajkot,Neutral
1470,They have a separate party hall for small functions.,Mixed,Restaurant,Rajkot,Neutral
1471,Payment can be done via cash or card.,Mixed,Restaurant,Rajkot,Neutral
1472,અહીંયા ચાઈનીઝ અને કોન્ટિનેન્ટલ વાનગીઓ પણ મળે છે.,Mixed,Restaurant,Rajkot,Neutral
1473,We went there for dinner around 8:30 PM.,Mixed,Restaurant,Rajkot,Neutral
1474,The menu has a wide variety of paneer dishes.,Mixed,Restaurant,Rajkot,Neutral
1475,ખાવાના ટેબલ અગાઉથી ગોઠવેલા હતા.,Mixed,Restaurant,Rajkot,Neutral
1476,Takeaway is available for all items on the menu.,Mixed,Restaurant,Rajkot,Neutral
1477,રવિવારે સામાન્ય રીતે થોડું વેઇટિંગ હોય છે.,Mixed,Restaurant,Rajkot,Neutral
1478,The washrooms are located at the back of the restaurant.,Mixed,Restaurant,Rajkot,Neutral
1479,તેઓ કાઠિયાવાડી જમવામાં લસણ અને ડુંગળીનો ઉપયોગ કરે છે.,Mixed,Restaurant,Rajkot,Neutral
1480,A glass of buttermilk is included in the thali price.,Mixed,Restaurant,Rajkot,Neutral
1481,The restaurant is fully air-conditioned.,Mixed,Restaurant,Rajkot,Neutral
1482,"The food was totally bland and tasteless, પૈસા પડી ગયા.",Mixed,Restaurant,Rajkot,Negative
1483,We waited for 45 minutes just to get our starters.,Mixed,Restaurant,Rajkot,Negative
1484,The waiter spilled water on our table and didn't even apologize.,Mixed,Restaurant,Rajkot,Negative
1485,પનીરના શાકમાં પનીર સાવ કડક અને વાસી હતું.,Mixed,Restaurant,Rajkot,Negative
1486,"The plates and spoons were dirty, hygiene is a big issue.",Mixed,Restaurant,Rajkot,Negative
1487,AC wasn't working and it was suffocating inside.,Mixed,Restaurant,Rajkot,Negative
1488,They charged us extra for water bottles which is illegal.,Mixed,Restaurant,Rajkot,Negative
1489,"અવાજ એટલો હતો કે માથું દુખી ગયું, no peace at all.",Mixed,Restaurant,Rajkot,Negative
1490,The quantity they serve is very less for the price they charge.,Mixed,Restaurant,Rajkot,Negative
1491,Roti was burnt and the dal was too salty.,Mixed,Restaurant,Rajkot,Negative
1492,"બાથરૂમની હાલત બહુ જ ખરાબ હતી, smelling like a public toilet.",Mixed,Restaurant,Rajkot,Negative
1493,The manager was very rude when we complained about the food.,Mixed,Restaurant,Rajkot,Negative
1494,They refused to pack the leftover food.,Mixed,Restaurant,Rajkot,Negative
1495,"There was a dead fly in my soup, absolutely disgusting experience.",Mixed,Restaurant,Rajkot,Negative
1496,Parking valet broke my car's side mirror and denied it.,Mixed,Restaurant,Rajkot,Negative
1497,"I will never visit this place again, સાવ થર્ડ ક્લાસ.",Mixed,Restaurant,Rajkot,Negative
1498,They didn't apply the Zomato discount even though we booked through it.,Mixed,Restaurant,Rajkot,Negative
